Team,Year,Gms,TotPts,Pts/G,RushYds,RYds/G,PassYds,PYds/G,TotYds,Yds/G,Rank
Buffalo Bills,2021,17,289,17,1866,109.8,2771,163,4637,272.8,1
Carolina Panthers,2021,17,404,23.8,1935,113.8,3266,192.1,5201,305.9,2
San Francisco 49ers,2021,17,365,21.5,1760,103.5,3510,206.5,5270,310,3
New England Patriots,2021,17,303,17.8,2103,123.7,3181,187.1,5284,310.8,4
Cleveland Browns,2021,17,371,21.8,1857,109.2,3439,202.3,5296,311.5,5
Chicago Bears,2021,17,407,23.9,2127,125.1,3257,191.6,5384,316.7,6
New Orleans Saints,2021,17,335,19.7,1589,93.5,3821,224.8,5410,318.2,7
Denver Broncos,2021,17,322,18.9,1892,111.3,3652,214.8,5544,326.1,8
Green Bay Packers,2021,17,371,21.8,1855,109.1,3724,219.1,5579,328.2,9
Philadelphia Eagles,2021,17,385,22.6,1834,107.9,3756,220.9,5590,328.8,10
Arizona Cardinals,2021,17,366,21.5,1952,114.8,3645,214.4,5597,329.2,11
Tennessee Titans,2021,17,354,20.8,1438,84.6,4169,245.2,5607,329.8,12
Tampa Bay Buccaneers,2021,17,353,20.8,1573,92.5,4062,238.9,5635,331.5,13
Las Vegas Raiders,2021,17,439,25.8,1943,114.3,3789,222.9,5732,337.2,14
Miami Dolphins,2021,17,373,21.9,1867,109.8,3871,227.7,5738,337.5,15
Indianapolis Colts,2021,17,365,21.5,1854,109.1,3980,234.1,5834,343.2,16
Los Angeles Rams,2021,17,372,21.9,1754,103.2,4109,241.7,5863,344.9,17
Cincinnati Bengals,2021,17,376,22.1,1742,102.5,4222,248.4,5964,350.8,18
Dallas Cowboys,2021,17,358,21.1,1918,112.8,4049,238.2,5967,351,19
Jacksonville Jaguars,2021,17,457,26.9,2127,125.1,3875,227.9,6002,353.1,20
New York Giants,2021,17,416,24.5,2193,129,3839,225.8,6032,354.8,21
Washington Football Team,2021,17,434,25.5,1775,104.4,4333,254.9,6108,359.3,22
Los Angeles Chargers,2021,17,459,27,2361,138.9,3761,221.2,6122,360.1,23
Pittsburgh Steelers,2021,17,398,23.4,2483,146.1,3656,215.1,6139,361.1,24
Baltimore Ravens,2021,17,392,23.1,1436,84.5,4742,278.9,6178,363.4,25
Atlanta Falcons,2021,17,459,27,2242,131.9,3952,232.5,6194,364.4,26
Kansas City Chiefs,2021,17,364,21.4,1999,117.6,4273,251.4,6272,368.9,27
Seattle Seahawks,2021,17,366,21.5,1932,113.6,4513,265.5,6445,379.1,28
Detroit Lions,2021,17,467,27.5,2296,135.1,4160,244.7,6456,379.8,29
Minnesota Vikings,2021,17,426,25.1,2222,130.7,4300,252.9,6522,383.6,30
Houston Texans,2021,17,452,26.6,2418,142.2,4117,242.2,6535,384.4,31
New York Jets,2021,17,504,29.6,2351,138.3,4409,259.4,6760,397.6,32
Los Angeles Rams,2020,16,296,18.5,1460,91.2,3051,190.7,4511,281.9,1
Washington Football Team,2020,16,329,20.6,1805,112.8,3068,191.8,4873,304.6,2
Pittsburgh Steelers,2020,16,312,19.5,1783,111.4,3110,194.4,4893,305.8,3
New Orleans Saints,2020,16,337,21.1,1502,93.9,3472,217,4974,310.9,4
San Francisco 49ers,2020,16,390,24.4,1703,106.4,3327,207.9,5030,314.4,5
Tampa Bay Buccaneers,2020,16,355,22.2,1289,80.6,3945,246.6,5234,327.1,6
Baltimore Ravens,2020,16,303,18.9,1740,108.8,3536,221,5276,329.8,7
Indianapolis Colts,2020,16,362,22.6,1448,90.5,3866,241.6,5314,332.1,8
Green Bay Packers,2020,16,369,23.1,1805,112.8,3539,221.2,5344,334,9
Los Angeles Chargers,2020,16,426,26.6,1917,119.8,3578,223.6,5495,343.4,10
Chicago Bears,2020,16,370,23.1,1814,113.4,3705,231.6,5519,344.9,11
New York Giants,2020,16,357,22.3,1782,111.4,3807,237.9,5589,349.3,12
Arizona Cardinals,2020,16,367,22.9,2008,125.5,3623,226.4,5631,351.9,13
Buffalo Bills,2020,16,375,23.4,1914,119.6,3726,232.9,5640,352.5,14
New England Patriots,2020,16,353,22.1,2103,131.4,3557,222.3,5660,353.8,15
Kansas City Chiefs,2020,16,362,22.6,1954,122.1,3779,236.2,5733,358.3,16
Cleveland Browns,2020,16,419,26.2,1773,110.8,3962,247.6,5735,358.4,17
Carolina Panthers,2020,16,402,25.1,1936,121,3825,239.1,5761,360.1,18
Philadelphia Eagles,2020,16,418,26.1,2012,125.8,3798,237.4,5810,363.1,19
Miami Dolphins,2020,16,338,21.1,1862,116.4,4024,251.5,5886,367.9,20
Denver Broncos,2020,16,446,27.9,2080,130,3807,237.9,5887,367.9,21
Seattle Seahawks,2020,16,371,23.2,1529,95.6,4560,285,6089,380.6,22
Dallas Cowboys,2020,16,473,29.6,2541,158.8,3642,227.6,6183,386.4,23
New York Jets,2020,16,457,28.6,1792,112,4409,275.6,6201,387.6,24
Las Vegas Raiders,2020,16,478,29.9,2013,125.8,4212,263.2,6225,389.1,25
Cincinnati Bengals,2020,16,424,26.5,2368,148,3859,241.2,6227,389.2,26
Minnesota Vikings,2020,16,475,29.7,2151,134.4,4141,258.8,6292,393.2,27
Tennessee Titans,2020,16,439,27.4,1933,120.8,4439,277.4,6372,398.2,28
Atlanta Falcons,2020,16,414,25.9,1677,104.8,4697,293.6,6374,398.4,29
Houston Texans,2020,16,464,29,2564,160.2,4104,256.5,6668,416.8,30
Jacksonville Jaguars,2020,16,492,30.8,2452,153.2,4231,264.4,6683,417.7,31
Detroit Lions,2020,16,519,32.4,2158,134.9,4558,284.9,6716,419.8,32
New England Patriots,2019,16,225,14.1,1528,95.5,2886,180.4,4414,275.9,1
San Francisco 49ers,2019,16,310,19.4,1802,112.6,2707,169.2,4509,281.8,2
Buffalo Bills,2019,16,259,16.2,1649,103.1,3123,195.2,4772,298.2,3
Baltimore Ravens,2019,16,282,17.6,1494,93.4,3315,207.2,4809,300.6,4
Pittsburgh Steelers,2019,16,303,18.9,1753,109.6,3113,194.6,4866,304.1,5
Los Angeles Chargers,2019,16,345,21.6,1805,112.8,3204,200.2,5009,313.1,6
New York Jets,2019,16,359,22.4,1391,86.9,3779,236.2,5170,323.1,7
Chicago Bears,2019,16,298,18.6,1632,102,3554,222.1,5186,324.1,8
Dallas Cowboys,2019,16,321,20.1,1656,103.5,3576,223.5,5232,327,9
Philadelphia Eagles,2019,16,354,22.1,1442,90.1,3865,241.6,5307,331.7,10
New Orleans Saints,2019,16,341,21.3,1461,91.3,3868,241.8,5329,333.1,11
Denver Broncos,2019,16,316,19.8,1783,111.4,3609,225.6,5392,337,12
Los Angeles Rams,2019,16,364,22.8,1809,113.1,3625,226.6,5434,339.6,13
Minnesota Vikings,2019,16,303,18.9,1728,108,3737,233.6,5465,341.6,14
Tampa Bay Buccaneers,2019,16,449,28.1,1181,73.8,4322,270.1,5503,343.9,15
Indianapolis Colts,2019,16,373,23.3,1567,97.9,3982,248.9,5549,346.8,16
Kansas City Chiefs,2019,16,308,19.2,2051,128.2,3543,221.4,5594,349.6,17
Green Bay Packers,2019,16,313,19.6,1921,120.1,3721,232.6,5642,352.6,18
Oakland Raiders,2019,16,419,26.2,1570,98.1,4107,256.7,5677,354.8,19
Atlanta Falcons,2019,16,399,24.9,1775,110.9,3918,244.9,5693,355.8,20
Tennessee Titans,2019,16,331,20.7,1672,104.5,4080,255,5752,359.5,21
Cleveland Browns,2019,16,393,24.6,2315,144.7,3470,216.9,5785,361.6,22
Carolina Panthers,2019,16,470,29.4,2296,143.5,3696,231,5992,374.5,23
Jacksonville Jaguars,2019,16,397,24.8,2229,139.3,3778,236.1,6007,375.4,24
New York Giants,2019,16,451,28.2,1812,113.2,4225,264.1,6037,377.3,25
Seattle Seahawks,2019,16,398,24.9,1883,117.7,4223,263.9,6106,381.6,26
Washington Redskins,2019,16,435,27.2,2339,146.2,3823,238.9,6162,385.1,27
Houston Texans,2019,16,385,24.1,1937,121.1,4276,267.2,6213,388.3,28
Cincinnati Bengals,2019,16,420,26.2,2382,148.9,3917,244.8,6299,393.7,29
Miami Dolphins,2019,16,494,30.9,2166,135.4,4198,262.4,6364,397.8,30
Detroit Lions,2019,16,423,26.4,1855,115.9,4551,284.4,6406,400.4,31
Arizona Cardinals,2019,16,442,27.6,1922,120.1,4510,281.9,6432,402,32
Baltimore Ravens,2018,16,287,17.9,1327,82.9,3360,210,4687,292.9,1
Buffalo Bills,2018,16,374,23.4,1839,114.9,2867,179.2,4706,294.1,2
Chicago Bears,2018,16,283,17.7,1280,80,3515,219.7,4795,299.7,3
Minnesota Vikings,2018,16,341,21.3,1815,113.4,3140,196.2,4955,309.7,4
Jacksonville Jaguars,2018,16,316,19.8,1870,116.9,3113,194.6,4983,311.4,5
Pittsburgh Steelers,2018,16,360,22.5,1538,96.1,3697,231.1,5235,327.2,6
Dallas Cowboys,2018,16,324,20.2,1513,94.6,3755,234.7,5268,329.2,7
Tennessee Titans,2018,16,303,18.9,1863,116.4,3471,216.9,5334,333.4,8
Los Angeles Chargers,2018,16,329,20.6,1693,105.8,3646,227.9,5339,333.7,9
Detroit Lions,2018,16,360,22.5,1761,110.1,3599,224.9,5360,335,10
Indianapolis Colts,2018,16,344,21.5,1626,101.6,3805,237.8,5431,339.4,11
Houston Texans,2018,16,316,19.8,1323,82.7,4167,260.4,5490,343.1,12
San Francisco 49ers,2018,16,435,27.2,1814,113.4,3732,233.2,5546,346.6,13
New Orleans Saints,2018,16,353,22.1,1283,80.2,4302,268.9,5585,349.1,14
Carolina Panthers,2018,16,382,23.9,1804,112.8,3847,240.4,5651,353.2,15
Seattle Seahawks,2018,16,347,21.7,1811,113.2,3842,240.1,5653,353.3,16
Washington Redskins,2018,16,359,22.4,1860,116.2,3794,237.1,5654,353.4,17
Green Bay Packers,2018,16,400,25,1918,119.9,3752,234.5,5670,354.4,18
Los Angeles Rams,2018,16,384,24,1957,122.3,3780,236.2,5737,358.6,19
Arizona Cardinals,2018,16,425,26.6,2479,154.9,3262,203.9,5741,358.8,20
New England Patriots,2018,16,325,20.3,1803,112.7,3943,246.4,5746,359.1,21
Denver Broncos,2018,16,349,21.8,1913,119.6,3929,245.6,5842,365.1,22
Philadelphia Eagles,2018,16,348,21.8,1551,96.9,4308,269.2,5859,366.2,23
New York Giants,2018,16,412,25.8,1898,118.6,4044,252.8,5942,371.4,24
New York Jets,2018,16,441,27.6,2021,126.3,4065,254.1,6086,380.4,25
Oakland Raiders,2018,16,467,29.2,2249,140.6,3853,240.8,6102,381.4,26
Tampa Bay Buccaneers,2018,16,464,29,1983,123.9,4151,259.4,6134,383.4,27
Atlanta Falcons,2018,16,423,26.4,1999,124.9,4153,259.6,6152,384.5,28
Miami Dolphins,2018,16,433,27.1,2325,145.3,3932,245.8,6257,391.1,29
Cleveland Browns,2018,16,392,24.5,2163,135.2,4125,257.8,6288,393,30
Kansas City Chiefs,2018,16,421,26.3,2114,132.1,4374,273.4,6488,405.5,31
Cincinnati Bengals,2018,16,455,28.4,2204,137.8,4414,275.9,6618,413.6,32
Minnesota Vikings,2017,16,252,15.8,1337,83.6,3078,192.4,4415,275.9,1
Jacksonville Jaguars,2017,16,268,16.8,1860,116.2,2718,169.9,4578,286.1,2
Denver Broncos,2017,16,382,23.9,1430,89.4,3210,200.6,4640,290,3
Philadelphia Eagles,2017,16,295,18.4,1267,79.2,3637,227.3,4904,306.5,4
Pittsburgh Steelers,2017,16,308,19.2,1693,105.8,3217,201.1,4910,306.9,5
Arizona Cardinals,2017,16,361,22.6,1434,89.6,3541,221.3,4975,310.9,6
Carolina Panthers,2017,16,327,20.4,1409,88.1,3665,229.1,5074,317.1,7
Dallas Cowboys,2017,16,332,20.8,1664,104,3425,214.1,5089,318.1,8
Atlanta Falcons,2017,16,315,19.7,1665,104.1,3429,214.3,5094,318.4,9
Chicago Bears,2017,16,320,20,1730,108.1,3376,211,5106,319.1,10
Seattle Seahawks,2017,16,332,20.8,1824,114,3347,209.2,5171,323.2,11
Baltimore Ravens,2017,16,303,18.9,1780,111.2,3421,213.8,5201,325.1,12
Tennessee Titans,2017,16,356,22.2,1420,88.8,3828,239.2,5248,328,13
Cleveland Browns,2017,16,410,25.6,1566,97.9,3684,230.2,5250,328.1,14
Los Angeles Chargers,2017,16,272,17,2098,131.1,3156,197.2,5254,328.4,15
Miami Dolphins,2017,16,393,24.6,1768,110.5,3603,225.2,5371,335.7,16
New Orleans Saints,2017,16,326,20.4,1787,111.7,3597,224.8,5384,336.5,17
Cincinnati Bengals,2017,16,349,21.8,2046,127.9,3379,211.2,5425,339.1,18
Los Angeles Rams,2017,16,329,20.6,1957,122.3,3475,217.2,5432,339.5,19
Houston Texans,2017,16,436,27.2,1747,109.2,3799,237.4,5546,346.6,20
Washington Redskins,2017,16,388,24.2,2146,134.1,3420,213.8,5566,347.9,21
Green Bay Packers,2017,16,384,24,1793,112.1,3789,236.8,5582,348.9,22
Oakland Raiders,2017,16,373,23.3,1743,108.9,3858,241.1,5601,350.1,23
San Francisco 49ers,2017,16,383,23.9,1861,116.3,3764,235.2,5625,351.6,24
New York Jets,2017,16,382,23.9,1887,117.9,3749,234.3,5636,352.2,25
Buffalo Bills,2017,16,359,22.4,1994,124.6,3688,230.5,5682,355.1,26
Detroit Lions,2017,16,376,23.5,1800,112.5,3892,243.2,5692,355.8,27
Kansas City Chiefs,2017,16,339,21.2,1890,118.1,3952,247,5842,365.1,28
New England Patriots,2017,16,296,18.5,1836,114.8,4020,251.2,5856,366,29
Indianapolis Colts,2017,16,404,25.2,1927,120.4,3946,246.6,5873,367.1,30
New York Giants,2017,16,388,24.2,1933,120.8,4038,252.4,5971,373.2,31
Tampa Bay Buccaneers,2017,16,382,23.9,1880,117.5,4169,260.6,6049,378.1,32
Houston Texans,2016,16,328,20.5,1595,99.7,3226,201.6,4821,301.3,1
Arizona Cardinals,2016,16,362,22.6,1518,94.9,3365,210.3,4883,305.2,2
Minnesota Vikings,2016,16,307,19.2,1711,106.9,3327,207.9,5038,314.9,3
Denver Broncos,2016,16,297,18.6,2085,130.3,2972,185.8,5057,316.1,4
Seattle Seahawks,2016,16,292,18.2,1487,92.9,3612,225.8,5099,318.7,5
Jacksonville Jaguars,2016,16,400,25,1703,106.4,3444,215.2,5147,321.7,6
Baltimore Ravens,2016,16,321,20.1,1430,89.4,3724,232.8,5154,322.1,7
New England Patriots,2016,16,250,15.6,1417,88.6,3806,237.9,5223,326.4,8
Los Angeles Rams,2016,16,394,24.6,1660,103.8,3732,233.2,5392,337,9
New York Giants,2016,16,284,17.8,1417,88.6,4018,251.1,5435,339.7,10
New York Jets,2016,16,409,25.6,1581,98.8,3898,243.6,5479,342.4,11
Pittsburgh Steelers,2016,16,327,20.4,1600,100,3882,242.6,5482,342.6,12
Philadelphia Eagles,2016,16,331,20.7,1652,103.2,3832,239.5,5484,342.8,13
Dallas Cowboys,2016,16,306,19.1,1336,83.5,4167,260.4,5503,343.9,14
Chicago Bears,2016,16,399,24.9,1950,121.9,3598,224.9,5548,346.8,15
San Diego Chargers,2016,16,423,26.4,1567,97.9,3987,249.2,5554,347.1,16
Cincinnati Bengals,2016,16,315,19.7,1812,113.2,3800,237.5,5612,350.8,17
Detroit Lions,2016,16,358,22.4,1701,106.3,3975,248.4,5676,354.8,18
Buffalo Bills,2016,16,378,23.6,2130,133.1,3582,223.9,5712,357,19
Tennessee Titans,2016,16,378,23.6,1413,88.3,4307,269.2,5720,357.5,20
Carolina Panthers,2016,16,402,25.1,1465,91.6,4291,268.2,5756,359.8,21
Green Bay Packers,2016,16,388,24.2,1515,94.7,4308,269.2,5823,363.9,22
Tampa Bay Buccaneers,2016,16,369,23.1,1875,117.2,4012,250.8,5887,367.9,23
Kansas City Chiefs,2016,16,311,19.4,1938,121.1,3958,247.4,5896,368.5,24
Atlanta Falcons,2016,16,406,25.4,1672,104.5,4267,266.7,5939,371.2,25
Oakland Raiders,2016,16,385,24.1,1881,117.6,4120,257.5,6001,375.1,26
New Orleans Saints,2016,16,454,28.4,1626,101.6,4380,273.8,6006,375.4,27
Washington Redskins,2016,16,383,23.9,1916,119.8,4130,258.1,6046,377.9,28
Miami Dolphins,2016,16,380,23.8,2247,140.4,3875,242.2,6122,382.6,29
Indianapolis Colts,2016,16,392,24.5,1926,120.4,4200,262.5,6126,382.9,30
Cleveland Browns,2016,16,452,28.2,2283,142.7,3996,249.8,6279,392.4,31
San Francisco 49ers,2016,16,480,30,2654,165.9,3848,240.5,6502,406.4,32
Denver Broncos,2015,16,296,18.5,1337,83.6,3193,199.6,4530,283.1,1
Seattle Seahawks,2015,16,277,17.3,1304,81.5,3364,210.2,4668,291.8,2
Houston Texans,2015,16,313,19.6,1597,99.8,3366,210.4,4963,310.2,3
New York Jets,2015,16,314,19.6,1335,83.4,3763,235.2,5098,318.6,4
Arizona Cardinals,2015,16,313,19.6,1460,91.2,3687,230.4,5147,321.7,5
Carolina Panthers,2015,16,308,19.2,1415,88.4,3752,234.5,5167,322.9,6
Kansas City Chiefs,2015,16,287,17.9,1571,98.2,3698,231.1,5269,329.3,7
Baltimore Ravens,2015,16,401,25.1,1661,103.8,3737,233.6,5398,337.4,8
New England Patriots,2015,16,315,19.7,1580,98.8,3851,240.7,5431,339.4,9
Tampa Bay Buccaneers,2015,16,417,26.1,1606,100.4,3840,240,5446,340.4,10
Cincinnati Bengals,2015,16,279,17.4,1477,92.3,3976,248.5,5453,340.8,11
Tennessee Titans,2015,16,423,26.4,1797,112.3,3678,229.9,5475,342.2,12
Minnesota Vikings,2015,16,302,18.9,1748,109.2,3759,234.9,5507,344.2,13
Chicago Bears,2015,16,397,24.8,1934,120.9,3593,224.6,5527,345.4,14
Green Bay Packers,2015,16,323,20.2,1905,119.1,3642,227.6,5547,346.7,15
Atlanta Falcons,2015,16,345,21.6,1680,105,3882,242.6,5562,347.6,16
Dallas Cowboys,2015,16,374,23.4,1934,120.9,3632,227,5566,347.9,17
Detroit Lions,2015,16,400,25,1808,113,3786,236.6,5594,349.6,18
Buffalo Bills,2015,16,359,22.4,1730,108.1,3972,248.2,5702,356.4,19
San Diego Chargers,2015,16,398,24.9,2005,125.3,3786,236.6,5791,361.9,20
Pittsburgh Steelers,2015,16,319,19.9,1459,91.2,4350,271.9,5809,363.1,21
Oakland Raiders,2015,16,399,24.9,1678,104.9,4140,258.8,5818,363.6,22
St. Louis Rams,2015,16,330,20.6,1820,113.8,4065,254.1,5885,367.8,23
Jacksonville Jaguars,2015,16,448,28,1709,106.8,4291,268.2,6000,375,24
Miami Dolphins,2015,16,389,24.3,2019,126.2,4000,250,6019,376.2,25
Indianapolis Colts,2015,16,408,25.5,1952,122,4114,257.1,6066,379.1,26
Cleveland Browns,2015,16,432,27,2055,128.4,4012,250.8,6067,379.2,27
Washington Redskins,2015,16,379,23.7,1962,122.6,4128,258,6090,380.6,28
San Francisco 49ers,2015,16,387,24.2,2020,126.2,4179,261.2,6199,387.4,29
Philadelphia Eagles,2015,16,430,26.9,2153,134.6,4273,267.1,6426,401.6,30
New Orleans Saints,2015,16,476,29.8,2071,129.4,4544,284,6615,413.4,31
New York Giants,2015,16,442,27.6,1942,121.4,4783,298.9,6725,420.3,32
Seattle Seahawks,2014,16,254,15.9,1304,81.5,2970,185.6,4274,267.1,1
Detroit Lions,2014,16,282,17.6,1109,69.3,3706,231.6,4815,300.9,2
Denver Broncos,2014,16,354,22.1,1276,79.8,3607,225.4,4883,305.2,3
Buffalo Bills,2014,16,289,18.1,1703,106.4,3292,205.8,4995,312.2,4
San Francisco 49ers,2014,16,340,21.2,1612,100.8,3531,220.7,5143,321.4,5
New York Jets,2014,16,401,25.1,1489,93.1,3746,234.1,5235,327.2,6
Kansas City Chiefs,2014,16,281,17.6,2036,127.2,3252,203.2,5288,330.5,7
Baltimore Ravens,2014,16,302,18.9,1412,88.2,3979,248.7,5391,336.9,8
San Diego Chargers,2014,16,348,21.8,1986,124.1,3427,214.2,5413,338.3,9
Carolina Panthers,2014,16,374,23.4,1792,112,3645,227.8,5437,339.8,10
Indianapolis Colts,2014,16,369,23.1,1814,113.4,3669,229.3,5483,342.7,11
Miami Dolphins,2014,16,373,23.3,1937,121.1,3557,222.3,5494,343.4,12
New England Patriots,2014,16,313,19.6,1669,104.3,3837,239.8,5506,344.1,13
Minnesota Vikings,2014,16,343,21.4,1943,121.4,3572,223.2,5515,344.7,14
Green Bay Packers,2014,16,348,21.8,1919,119.9,3623,226.4,5542,346.4,15
Houston Texans,2014,16,307,19.2,1681,105.1,3890,243.1,5571,348.2,16
St. Louis Rams,2014,16,354,22.1,1765,110.3,3861,241.3,5626,351.6,17
Pittsburgh Steelers,2014,16,368,23,1605,100.3,4049,253.1,5654,353.4,18
Dallas Cowboys,2014,16,352,22,1650,103.1,4031,251.9,5681,355.1,19
Washington Redskins,2014,16,438,27.4,1722,107.6,3990,249.4,5712,357,20
Oakland Raiders,2014,16,452,28.2,1911,119.4,3810,238.1,5721,357.6,21
Cincinnati Bengals,2014,16,344,21.5,1861,116.3,3888,243,5749,359.3,22
Cleveland Browns,2014,16,337,21.1,2265,141.6,3592,224.5,5857,366.1,23
Arizona Cardinals,2014,16,299,18.7,1739,108.7,4152,259.5,5891,368.2,24
Tampa Bay Buccaneers,2014,16,410,25.6,1819,113.7,4084,255.2,5903,368.9,25
Jacksonville Jaguars,2014,16,412,25.8,2033,127.1,3899,243.7,5932,370.8,26
Tennessee Titans,2014,16,438,27.4,2195,137.2,3773,235.8,5968,373,27
Philadelphia Eagles,2014,16,400,25,1771,110.7,4238,264.9,6009,375.6,28
New York Giants,2014,16,400,25,2162,135.1,3850,240.6,6012,375.8,29
Chicago Bears,2014,16,442,27.6,1803,112.7,4230,264.4,6033,377.1,30
New Orleans Saints,2014,16,424,26.5,2125,132.8,4019,251.2,6144,384,31
Atlanta Falcons,2014,16,417,26.1,1894,118.4,4478,279.9,6372,398.2,32
Seattle Seahawks,2013,16,231,14.4,1626,101.6,2752,172,4378,273.6,1
Carolina Panthers,2013,16,241,15.1,1391,86.9,3429,214.3,4820,301.2,2
Cincinnati Bengals,2013,16,305,19.1,1544,96.5,3344,209,4888,305.5,3
New Orleans Saints,2013,16,304,19,1786,111.6,3105,194.1,4891,305.7,4
San Francisco 49ers,2013,16,272,17,1535,95.9,3536,221,5071,316.9,5
Arizona Cardinals,2013,16,324,20.2,1351,84.4,3728,233,5079,317.4,6
Houston Texans,2013,16,428,26.8,1958,122.4,3123,195.2,5081,317.6,7
New York Giants,2013,16,383,23.9,1743,108.9,3573,223.3,5316,332.2,8
Cleveland Browns,2013,16,406,25.4,1781,111.3,3538,221.1,5319,332.4,9
Buffalo Bills,2013,16,388,24.2,2063,128.9,3271,204.4,5334,333.4,10
New York Jets,2013,16,387,24.2,1412,88.2,3947,246.7,5359,334.9,11
Baltimore Ravens,2013,16,352,22,1687,105.4,3681,230.1,5368,335.5,12
Pittsburgh Steelers,2013,16,370,23.1,1849,115.6,3553,222.1,5402,337.6,13
Tennessee Titans,2013,16,381,23.8,1795,112.2,3612,225.8,5407,337.9,14
St. Louis Rams,2013,16,364,22.8,1646,102.9,3874,242.1,5520,345,15
Detroit Lions,2013,16,376,23.5,1596,99.8,3950,246.9,5546,346.6,16
Tampa Bay Buccaneers,2013,16,389,24.3,1762,110.1,3806,237.9,5568,348,17
Washington Redskins,2013,16,478,29.9,1769,110.6,3896,243.5,5665,354.1,18
Denver Broncos,2013,16,399,24.9,1626,101.6,4070,254.4,5696,356,19
Indianapolis Colts,2013,16,336,21,2002,125.1,3711,231.9,5713,357.1,20
Miami Dolphins,2013,16,335,20.9,1998,124.9,3752,234.5,5750,359.4,21
Oakland Raiders,2013,16,453,28.3,1727,107.9,4092,255.8,5819,363.7,22
San Diego Chargers,2013,16,348,21.8,1725,107.8,4139,258.7,5864,366.5,23
Kansas City Chiefs,2013,16,305,19.1,1923,120.2,3962,247.6,5885,367.8,24
Green Bay Packers,2013,16,428,26.8,2000,125,3956,247.2,5956,372.2,25
New England Patriots,2013,16,338,21.1,2145,134.1,3824,239,5969,373.1,26
Atlanta Falcons,2013,16,443,27.7,2173,135.8,3897,243.6,6070,379.4,27
Jacksonville Jaguars,2013,16,449,28.1,2108,131.8,3962,247.6,6070,379.4,28
Philadelphia Eagles,2013,16,382,23.9,1668,104.2,4636,289.8,6304,394,29
Chicago Bears,2013,16,478,29.9,2583,161.4,3730,233.1,6313,394.6,30
Minnesota Vikings,2013,16,480,30,1767,110.4,4595,287.2,6362,397.6,31
Dallas Cowboys,2013,16,432,27,2056,128.5,4589,286.8,6645,415.3,32
Pittsburgh Steelers,2012,16,314,19.6,1450,90.6,2963,185.2,4413,275.8,1
Denver Broncos,2012,16,289,18.1,1458,91.1,3194,199.6,4652,290.8,2
San Francisco 49ers,2012,16,273,17.1,1507,94.2,3203,200.2,4710,294.4,3
Seattle Seahawks,2012,16,245,15.3,1649,103.1,3250,203.1,4899,306.2,4
Chicago Bears,2012,16,277,17.3,1627,101.7,3423,213.9,5050,315.6,5
Cincinnati Bengals,2012,16,320,20,1715,107.2,3400,212.5,5115,319.7,6
Houston Texans,2012,16,331,20.7,1560,97.5,3612,225.8,5172,323.2,7
New York Jets,2012,16,375,23.4,2138,133.6,3036,189.8,5174,323.4,8
San Diego Chargers,2012,16,350,21.9,1542,96.4,3681,230.1,5223,326.4,9
Carolina Panthers,2012,16,363,22.7,1761,110.1,3568,223,5329,333.1,10
Green Bay Packers,2012,16,336,21,1896,118.5,3492,218.2,5388,336.8,11
Arizona Cardinals,2012,16,357,22.3,2192,137,3213,200.8,5405,337.8,12
Detroit Lions,2012,16,437,27.3,1889,118.1,3569,223.1,5458,341.1,13
St. Louis Rams,2012,16,348,21.8,1880,117.5,3602,225.1,5482,342.6,14
Philadelphia Eagles,2012,16,444,27.8,2021,126.3,3470,216.9,5491,343.2,15
Minnesota Vikings,2012,16,348,21.8,1692,105.8,3908,244.2,5600,350,16
Baltimore Ravens,2012,16,344,21.5,1965,122.8,3650,228.1,5615,350.9,17
Oakland Raiders,2012,16,443,27.7,1897,118.6,3775,235.9,5672,354.5,18
Dallas Cowboys,2012,16,400,25,2003,125.2,3684,230.2,5687,355.4,19
Kansas City Chiefs,2012,16,425,26.6,2171,135.7,3533,220.8,5704,356.5,20
Miami Dolphins,2012,16,317,19.8,1734,108.4,3974,248.4,5708,356.8,21
Buffalo Bills,2012,16,435,27.2,2333,145.8,3473,217.1,5806,362.9,22
Cleveland Browns,2012,16,368,23,1898,118.6,3923,245.2,5821,363.8,23
Atlanta Falcons,2012,16,299,18.7,1971,123.2,3878,242.4,5849,365.6,24
New England Patriots,2012,16,331,20.7,1630,101.9,4342,271.4,5972,373.2,25
Indianapolis Colts,2012,16,387,24.2,2200,137.5,3788,236.8,5988,374.2,26
Tennessee Titans,2012,16,471,29.4,2035,127.2,3964,247.8,5999,374.9,27
Washington Redskins,2012,16,388,24.2,1532,95.8,4511,281.9,6043,377.7,28
Tampa Bay Buccaneers,2012,16,394,24.6,1320,82.5,4758,297.4,6078,379.9,29
Jacksonville Jaguars,2012,16,444,27.8,2256,141,3832,239.5,6088,380.5,30
New York Giants,2012,16,344,21.5,2066,129.1,4068,254.2,6134,383.4,31
New Orleans Saints,2012,16,454,28.4,2361,147.6,4681,292.6,7042,440.1,32
Pittsburgh Steelers,2011,16,227,14.2,1597,99.8,2751,171.9,4348,271.8,1
Houston Texans,2011,16,278,17.4,1536,96,3035,189.7,4571,285.7,2
Baltimore Ravens,2011,16,266,16.6,1482,92.6,3140,196.2,4622,288.9,3
San Francisco 49ers,2011,16,229,14.3,1236,77.2,3695,230.9,4931,308.2,4
New York Jets,2011,16,363,22.7,1777,111.1,3216,201,4993,312.1,5
Jacksonville Jaguars,2011,16,329,20.6,1667,104.2,3341,208.8,5008,313,6
Cincinnati Bengals,2011,16,323,20.2,1675,104.7,3385,211.6,5060,316.2,7
Philadelphia Eagles,2011,16,328,20.5,1801,112.6,3397,212.3,5198,324.9,8
Seattle Seahawks,2011,16,315,19.7,1797,112.3,3518,219.9,5315,332.2,9
Cleveland Browns,2011,16,307,19.2,2359,147.4,2959,184.9,5318,332.4,10
Kansas City Chiefs,2011,16,338,21.1,2112,132,3221,201.3,5333,333.3,11
Atlanta Falcons,2011,16,350,21.9,1552,97,3786,236.6,5338,333.6,12
Washington Redskins,2011,16,367,22.9,1884,117.8,3553,222.1,5437,339.8,13
Dallas Cowboys,2011,16,347,21.7,1585,99.1,3906,244.1,5491,343.2,14
Miami Dolphins,2011,16,313,19.6,1530,95.6,3992,249.5,5522,345.1,15
San Diego Chargers,2011,16,377,23.6,1955,122.2,3591,224.4,5546,346.6,16
Chicago Bears,2011,16,341,21.3,1542,96.4,4065,254.1,5607,350.4,17
Arizona Cardinals,2011,16,348,21.8,1986,124.1,3696,231,5682,355.1,18
Tennessee Titans,2011,16,317,19.8,2053,128.3,3629,226.8,5682,355.1,19
Denver Broncos,2011,16,390,24.4,2021,126.3,3704,231.5,5725,357.8,20
Minnesota Vikings,2011,16,449,28.1,1712,107,4019,251.2,5731,358.2,21
St. Louis Rams,2011,16,407,25.4,2433,152.1,3301,206.3,5734,358.4,22
Detroit Lions,2011,16,387,24.2,2050,128.1,3831,239.4,5881,367.6,23
New Orleans Saints,2011,16,339,21.2,1738,108.6,4157,259.8,5895,368.4,24
Indianapolis Colts,2011,16,430,26.9,2303,143.9,3632,227,5935,370.9,25
Buffalo Bills,2011,16,434,27.1,2224,139,3714,232.1,5938,371.1,26
New York Giants,2011,16,400,25,1940,121.2,4082,255.1,6022,376.4,27
Carolina Panthers,2011,16,429,26.8,2093,130.8,3949,246.8,6042,377.6,28
Oakland Raiders,2011,16,433,27.1,2178,136.1,4023,251.4,6201,387.6,29
Tampa Bay Buccaneers,2011,16,494,30.9,2497,156.1,3814,238.4,6311,394.4,30
New England Patriots,2011,16,342,21.4,1874,117.1,4703,293.9,6577,411.1,31
Green Bay Packers,2011,16,359,22.4,1789,111.8,4796,299.8,6585,411.6,32
San Diego Chargers,2010,16,322,20.1,1500,93.8,2845,177.8,4345,271.6,1
Pittsburgh Steelers,2010,16,232,14.5,1004,62.8,3425,214.1,4429,276.8,2
New York Jets,2010,16,304,19,1454,90.9,3210,200.6,4664,291.5,3
New Orleans Saints,2010,16,307,19.2,1797,112.3,3103,193.9,4900,306.2,4
Green Bay Packers,2010,16,240,15,1838,114.9,3107,194.2,4945,309.1,5
Miami Dolphins,2010,16,333,20.8,1601,100.1,3348,209.2,4949,309.3,6
New York Giants,2010,16,347,21.7,1620,101.2,3352,209.5,4972,310.8,7
Minnesota Vikings,2010,16,348,21.8,1635,102.2,3367,210.4,5002,312.6,8
Chicago Bears,2010,16,286,17.9,1441,90.1,3588,224.2,5029,314.3,9
Baltimore Ravens,2010,16,270,16.9,1503,93.9,3599,224.9,5102,318.9,10
Oakland Raiders,2010,16,371,23.2,2138,133.6,3027,189.2,5165,322.8,11
Philadelphia Eagles,2010,16,377,23.6,1766,110.4,3469,216.8,5235,327.2,12
San Francisco 49ers,2010,16,346,21.6,1547,96.7,3697,231.1,5244,327.8,13
Kansas City Chiefs,2010,16,326,20.4,1764,110.2,3519,219.9,5283,330.2,14
Cincinnati Bengals,2010,16,395,24.7,1843,115.2,3469,216.8,5312,332,15
Atlanta Falcons,2010,16,288,18,1694,105.9,3625,226.6,5319,332.4,16
Tampa Bay Buccaneers,2010,16,318,19.9,2107,131.7,3216,201,5323,332.7,17
Carolina Panthers,2010,16,408,25.5,1981,123.8,3393,212.1,5374,335.9,18
St. Louis Rams,2010,16,328,20.5,1810,113.1,3578,223.6,5388,336.8,19
Indianapolis Colts,2010,16,388,24.2,2032,127,3433,214.6,5465,341.6,20
Detroit Lions,2010,16,369,23.1,1999,124.9,3498,218.6,5497,343.6,21
Cleveland Browns,2010,16,332,20.8,2070,129.4,3531,220.7,5601,350.1,22
Dallas Cowboys,2010,16,436,27.2,1734,108.4,3894,243.4,5628,351.8,23
Buffalo Bills,2010,16,425,26.6,2714,169.6,3072,192,5786,361.6,24
New England Patriots,2010,16,313,19.6,1728,108,4136,258.5,5864,366.5,25
Tennessee Titans,2010,16,339,21.2,1851,115.7,4032,252,5883,367.7,26
Seattle Seahawks,2010,16,407,25.4,1903,118.9,3994,249.6,5897,368.6,27
Jacksonville Jaguars,2010,16,419,26.2,1945,121.6,4004,250.2,5949,371.8,28
Arizona Cardinals,2010,16,434,27.1,2323,145.2,3654,228.4,5977,373.6,29
Houston Texans,2010,16,427,26.7,1751,109.4,4280,267.5,6031,376.9,30
Washington Redskins,2010,16,377,23.6,2041,127.6,4187,261.7,6228,389.2,31
Denver Broncos,2010,16,471,29.4,2473,154.6,3780,236.2,6253,390.8,32
New York Jets,2009,16,236,14.8,1578,98.6,2459,153.7,4037,252.3,1
Green Bay Packers,2009,16,297,18.6,1333,83.3,3218,201.1,4551,284.4,2
Baltimore Ravens,2009,16,261,16.3,1492,93.2,3316,207.2,4808,300.5,3
Cincinnati Bengals,2009,16,291,18.2,1573,98.3,3249,203.1,4822,301.4,4
Pittsburgh Steelers,2009,16,324,20.2,1438,89.9,3447,215.4,4885,305.3,5
Minnesota Vikings,2009,16,312,19.5,1394,87.1,3494,218.4,4888,305.5,6
Denver Broncos,2009,16,324,20.2,2059,128.7,2981,186.3,5040,315,7
Carolina Panthers,2009,16,308,19.2,1997,124.8,3056,191,5053,315.8,8
Dallas Cowboys,2009,16,250,15.6,1448,90.5,3606,225.4,5054,315.9,9
Washington Redskins,2009,16,336,21,1799,112.4,3316,207.2,5115,319.7,10
New England Patriots,2009,16,285,17.8,1768,110.5,3355,209.7,5123,320.2,11
Philadelphia Eagles,2009,16,337,21.1,1675,104.7,3462,216.4,5137,321.1,12
Houston Texans,2009,16,333,20.8,1711,106.9,3487,217.9,5198,324.9,13
New York Giants,2009,16,427,26.7,1773,110.8,3425,214.1,5198,324.9,14
San Francisco 49ers,2009,16,281,17.6,1552,97,3670,229.4,5222,326.4,15
San Diego Chargers,2009,16,320,20,1884,117.8,3348,209.2,5232,327,16
Chicago Bears,2009,16,375,23.4,2022,126.4,3382,211.4,5404,337.8,17
Indianapolis Colts,2009,16,307,19.2,2024,126.5,3403,212.7,5427,339.2,18
Buffalo Bills,2009,16,326,20.4,2501,156.3,2948,184.2,5449,340.6,19
Arizona Cardinals,2009,16,325,20.3,1804,112.8,3739,233.7,5543,346.4,20
Atlanta Falcons,2009,16,325,20.3,1711,106.9,3871,241.9,5582,348.9,21
Miami Dolphins,2009,16,390,24.4,1835,114.7,3754,234.6,5589,349.3,22
Jacksonville Jaguars,2009,16,380,23.8,1863,116.4,3774,235.9,5637,352.3,23
Seattle Seahawks,2009,16,390,24.4,1776,111,3927,245.4,5703,356.4,24
New Orleans Saints,2009,16,341,21.3,1955,122.2,3769,235.6,5724,357.8,25
Oakland Raiders,2009,16,379,23.7,2488,155.5,3303,206.4,5791,361.9,26
Tampa Bay Buccaneers,2009,16,400,25,2531,158.2,3318,207.4,5849,365.6,27
Tennessee Titans,2009,16,402,25.1,1711,106.9,4139,258.7,5850,365.6,28
St. Louis Rams,2009,16,436,27.2,2201,137.6,3764,235.2,5965,372.8,29
Kansas City Chiefs,2009,16,424,26.5,2504,156.5,3707,231.7,6211,388.2,30
Cleveland Browns,2009,16,375,23.4,2314,144.6,3915,244.7,6229,389.3,31
Detroit Lions,2009,16,494,30.9,2025,126.6,4249,265.6,6274,392.1,32
Pittsburgh Steelers,2008,16,223,13.9,1284,80.2,2511,156.9,3795,237.2,1
Baltimore Ravens,2008,16,244,15.2,1302,81.4,2875,179.7,4177,261.1,2
Philadelphia Eagles,2008,16,289,18.1,1476,92.2,2913,182.1,4389,274.3,3
Washington Redskins,2008,16,296,18.5,1526,95.4,3095,193.4,4621,288.8,4
New York Giants,2008,16,294,18.4,1533,95.8,3139,196.2,4672,292,5
Minnesota Vikings,2008,16,333,20.8,1230,76.9,3449,215.6,4679,292.4,6
Tennessee Titans,2008,16,234,14.6,1502,93.9,3196,199.8,4698,293.6,7
Dallas Cowboys,2008,16,365,22.8,1706,106.6,3003,187.7,4709,294.3,8
Tampa Bay Buccaneers,2008,16,323,20.2,1901,118.8,2997,187.3,4898,306.1,9
New England Patriots,2008,16,309,19.3,1722,107.6,3222,201.4,4944,309,10
Indianapolis Colts,2008,16,298,18.6,1966,122.9,3009,188.1,4975,310.9,11
Cincinnati Bengals,2008,16,364,22.8,1921,120.1,3287,205.4,5208,325.5,12
San Francisco 49ers,2008,16,381,23.8,1709,106.8,3507,219.2,5216,326,13
Buffalo Bills,2008,16,342,21.4,1946,121.6,3271,204.4,5217,326.1,14
Miami Dolphins,2008,16,317,19.8,1620,101.2,3644,227.8,5264,329,15
New York Jets,2008,16,356,22.2,1518,94.9,3752,234.5,5270,329.4,16
Jacksonville Jaguars,2008,16,367,22.9,1709,106.8,3586,224.1,5295,330.9,17
Carolina Panthers,2008,16,329,20.6,1912,119.5,3387,211.7,5299,331.2,18
Arizona Cardinals,2008,16,426,26.6,1764,110.2,3540,221.2,5304,331.5,19
Green Bay Packers,2008,16,380,23.8,2105,131.6,3244,202.8,5349,334.3,20
Chicago Bears,2008,16,350,21.9,1496,93.5,3859,241.2,5355,334.7,21
Houston Texans,2008,16,394,24.6,1962,122.6,3423,213.9,5385,336.6,22
New Orleans Saints,2008,16,393,24.6,1885,117.8,3547,221.7,5432,339.5,23
Atlanta Falcons,2008,16,325,20.3,2046,127.9,3526,220.4,5572,348.2,24
San Diego Chargers,2008,16,347,21.7,1641,102.6,3958,247.4,5599,349.9,25
Cleveland Browns,2008,16,350,21.9,2431,151.9,3273,204.6,5704,356.5,26
Oakland Raiders,2008,16,388,24.2,2555,159.7,3220,201.2,5775,360.9,27
St. Louis Rams,2008,16,465,29.1,2475,154.7,3475,217.2,5950,371.9,28
Denver Broncos,2008,16,448,28,2337,146.1,3656,228.5,5993,374.6,29
Seattle Seahawks,2008,16,392,24.5,1899,118.7,4149,259.3,6048,378,30
Kansas City Chiefs,2008,16,440,27.5,2543,158.9,3748,234.2,6291,393.2,31
Detroit Lions,2008,16,517,32.3,2754,172.1,3716,232.2,6470,404.4,32
Pittsburgh Steelers,2007,16,269,16.8,1438,89.9,2824,176.5,4262,266.4,1
Tampa Bay Buccaneers,2007,16,270,16.9,1726,107.9,2728,170.5,4454,278.4,2
Indianapolis Colts,2007,16,262,16.4,1711,106.9,2764,172.8,4475,279.7,3
New England Patriots,2007,16,274,17.1,1572,98.2,3041,190.1,4613,288.3,4
Tennessee Titans,2007,16,297,18.6,1478,92.4,3187,199.2,4665,291.6,5
Baltimore Ravens,2007,16,384,24,1268,79.2,3557,222.3,4825,301.6,6
New York Giants,2007,16,351,21.9,1563,97.7,3317,207.3,4880,305,7
Washington Redskins,2007,16,310,19.4,1460,91.2,3424,214,4884,305.2,8
Dallas Cowboys,2007,16,325,20.3,1513,94.6,3409,213.1,4922,307.6,9
Philadelphia Eagles,2007,16,300,18.8,1533,95.8,3449,215.6,4982,311.4,10
Green Bay Packers,2007,16,291,18.2,1647,102.9,3366,210.4,5013,313.3,11
Jacksonville Jaguars,2007,16,304,19,1605,100.3,3416,213.5,5021,313.8,12
Kansas City Chiefs,2007,16,335,20.9,2089,130.6,3022,188.9,5111,319.4,13
San Diego Chargers,2007,16,284,17.8,1712,107,3412,213.2,5124,320.2,14
Seattle Seahawks,2007,16,291,18.2,1644,102.8,3505,219.1,5149,321.8,15
Carolina Panthers,2007,16,347,21.7,1771,110.7,3426,214.1,5197,324.8,16
Arizona Cardinals,2007,16,399,24.9,1567,97.9,3716,232.2,5283,330.2,17
New York Jets,2007,16,355,22.2,2156,134.8,3154,197.1,5310,331.9,18
Denver Broncos,2007,16,409,25.6,2282,142.6,3094,193.4,5376,336,19
Minnesota Vikings,2007,16,311,19.4,1185,74.1,4225,264.1,5410,338.1,20
St. Louis Rams,2007,16,438,27.4,1844,115.2,3613,225.8,5457,341.1,21
Oakland Raiders,2007,16,398,24.9,2334,145.9,3132,195.8,5466,341.6,22
Miami Dolphins,2007,16,437,27.3,2456,153.5,3019,188.7,5475,342.2,23
Houston Texans,2007,16,384,24,1825,114.1,3682,230.1,5507,344.2,24
San Francisco 49ers,2007,16,364,22.8,1896,118.5,3643,227.7,5539,346.2,25
New Orleans Saints,2007,16,388,24.2,1646,102.9,3924,245.2,5570,348.1,26
Cincinnati Bengals,2007,16,385,24.1,1893,118.3,3687,230.4,5580,348.8,27
Chicago Bears,2007,16,348,21.8,1967,122.9,3708,231.8,5675,354.7,28
Atlanta Falcons,2007,16,414,25.9,2033,127.1,3655,228.4,5688,355.5,29
Cleveland Browns,2007,16,382,23.9,2072,129.5,3681,230.1,5753,359.6,30
Buffalo Bills,2007,16,354,22.1,1993,124.6,3814,238.4,5807,362.9,31
Detroit Lions,2007,16,444,27.8,1911,119.4,4131,258.2,6042,377.6,32
Baltimore Ravens,2006,16,201,12.6,1214,75.9,3011,188.2,4225,264.1,1
Jacksonville Jaguars,2006,16,274,17.1,1460,91.2,3078,192.4,4538,283.6,2
Oakland Raiders,2006,16,332,20.8,2144,134,2413,150.8,4557,284.8,3
Miami Dolphins,2006,16,283,17.7,1618,101.1,3007,187.9,4625,289.1,4
Chicago Bears,2006,16,255,15.9,1590,99.4,3116,194.8,4706,294.1,5
New England Patriots,2006,16,237,14.8,1507,94.2,3203,200.2,4710,294.4,6
Carolina Panthers,2006,16,305,19.1,1737,108.6,3000,187.5,4737,296.1,7
Minnesota Vikings,2006,16,327,20.4,985,61.6,3818,238.6,4803,300.2,8
Pittsburgh Steelers,2006,16,315,19.7,1412,88.2,3393,212.1,4805,300.3,9
San Diego Chargers,2006,16,303,18.9,1613,100.8,3212,200.8,4825,301.6,10
New Orleans Saints,2006,16,322,20.1,2063,128.9,2854,178.4,4917,307.3,11
Green Bay Packers,2006,16,366,22.9,1825,114.1,3309,206.8,5134,320.9,12
Dallas Cowboys,2006,16,350,21.9,1659,103.7,3506,219.1,5165,322.8,13
Denver Broncos,2006,16,305,19.1,1813,113.3,3410,213.1,5223,326.4,14
Philadelphia Eagles,2006,16,328,20.5,2182,136.4,3067,191.7,5249,328.1,15
Kansas City Chiefs,2006,16,315,19.7,1928,120.5,3334,208.4,5262,328.9,16
Tampa Bay Buccaneers,2006,16,353,22.1,1917,119.8,3354,209.6,5271,329.4,17
Buffalo Bills,2006,16,311,19.4,2254,140.9,3019,188.7,5273,329.6,18
Seattle Seahawks,2006,16,341,21.3,2029,126.8,3256,203.5,5285,330.3,19
New York Jets,2006,16,295,18.4,2084,130.2,3222,201.4,5306,331.6,20
Indianapolis Colts,2006,16,360,22.5,2768,173,2548,159.2,5316,332.2,21
Atlanta Falcons,2006,16,328,20.5,1657,103.6,3668,229.2,5325,332.8,22
St. Louis Rams,2006,16,381,23.8,2327,145.4,3035,189.7,5362,335.1,23
Houston Texans,2006,16,366,22.9,1956,122.2,3444,215.2,5400,337.5,24
New York Giants,2006,16,362,22.6,1830,114.4,3649,228.1,5479,342.4,25
San Francisco 49ers,2006,16,412,25.8,1936,121,3571,223.2,5507,344.2,26
Cleveland Browns,2006,16,356,22.2,2275,142.2,3242,202.6,5517,344.8,27
Detroit Lions,2006,16,398,24.9,2010,125.6,3520,220,5530,345.6,28
Arizona Cardinals,2006,16,389,24.3,1897,118.6,3694,230.9,5591,349.4,29
Cincinnati Bengals,2006,16,331,20.7,1863,116.4,3818,238.6,5681,355.1,30
Washington Redskins,2006,16,376,23.5,2197,137.3,3491,218.2,5688,355.5,31
Tennessee Titans,2006,16,400,25,2313,144.6,3602,225.1,5915,369.7,32
Tampa Bay Buccaneers,2005,16,274,17.1,1515,94.7,2929,183.1,4444,277.8,1
Chicago Bears,2005,16,202,12.6,1637,102.3,2872,179.5,4509,281.8,2
Carolina Panthers,2005,16,259,16.2,1465,91.6,3057,191.1,4522,282.6,3
Pittsburgh Steelers,2005,16,258,16.1,1376,86,3168,198,4544,284,4
Baltimore Ravens,2005,16,299,18.7,1591,99.4,2958,184.9,4549,284.3,5
Jacksonville Jaguars,2005,16,269,16.8,1709,106.8,2946,184.1,4655,290.9,6
Green Bay Packers,2005,16,344,21.5,2010,125.6,2680,167.5,4690,293.1,7
Arizona Cardinals,2005,16,387,24.2,1632,102,3097,193.6,4729,295.6,8
Washington Redskins,2005,16,293,18.3,1686,105.4,3081,192.6,4767,297.9,9
Dallas Cowboys,2005,16,308,19.2,1731,108.2,3083,192.7,4814,300.9,10
Indianapolis Colts,2005,16,247,15.4,1762,110.1,3151,196.9,4913,307.1,11
New York Jets,2005,16,355,22.2,2185,136.6,2755,172.2,4940,308.8,12
San Diego Chargers,2005,16,312,19.5,1349,84.3,3599,224.9,4948,309.2,13
New Orleans Saints,2005,16,398,24.9,2145,134.1,2849,178.1,4994,312.1,14
Denver Broncos,2005,16,258,16.1,1363,85.2,3643,227.7,5006,312.9,15
Cleveland Browns,2005,16,301,18.8,2202,137.6,2867,179.2,5069,316.8,16
Seattle Seahawks,2005,16,271,16.9,1510,94.4,3559,222.4,5069,316.8,17
Miami Dolphins,2005,16,317,19.8,1771,110.7,3307,206.7,5078,317.4,18
Tennessee Titans,2005,16,421,26.3,1894,118.4,3216,201,5110,319.4,19
Detroit Lions,2005,16,345,21.6,2040,127.5,3118,194.9,5158,322.4,20
Minnesota Vikings,2005,16,344,21.5,1841,115.1,3332,208.2,5173,323.3,21
Atlanta Falcons,2005,16,341,21.3,2063,128.9,3137,196.1,5200,325,22
Philadelphia Eagles,2005,16,388,24.2,1883,117.7,3323,207.7,5206,325.4,23
New York Giants,2005,16,314,19.6,1656,103.5,3584,224,5240,327.5,24
Kansas City Chiefs,2005,16,325,20.3,1570,98.1,3679,229.9,5249,328.1,25
New England Patriots,2005,16,338,21.1,1580,98.8,3703,231.4,5283,330.2,26
Oakland Raiders,2005,16,383,23.9,2049,128.1,3243,202.7,5292,330.8,27
Cincinnati Bengals,2005,16,350,21.9,1850,115.6,3569,223.1,5419,338.7,28
Buffalo Bills,2005,16,367,22.9,2205,137.8,3291,205.7,5496,343.5,29
St. Louis Rams,2005,16,429,26.8,2178,136.1,3424,214,5602,350.1,30
Houston Texans,2005,16,431,26.9,2303,143.9,3521,220.1,5824,364,31
San Francisco 49ers,2005,16,428,26.8,1832,114.5,4427,276.7,6259,391.2,32
Pittsburgh Steelers,2004,16,251,15.7,1299,81.2,2835,177.2,4134,258.4,1
Buffalo Bills,2004,16,284,17.8,1604,100.2,2624,164,4228,264.2,2
Washington Redskins,2004,16,265,16.6,1304,81.5,2977,186.1,4281,267.6,3
Denver Broncos,2004,16,304,19,1512,94.5,2947,184.2,4459,278.7,4
Tampa Bay Buccaneers,2004,16,304,19,1973,123.3,2579,161.2,4552,284.5,5
Baltimore Ravens,2004,16,268,16.8,1681,105.1,3122,195.1,4803,300.2,6
New York Jets,2004,16,261,16.3,1566,97.9,3312,207,4878,304.9,7
Miami Dolphins,2004,16,354,22.1,2302,143.9,2592,162,4894,305.9,8
New England Patriots,2004,16,260,16.2,1572,98.2,3400,212.5,4972,310.8,9
Philadelphia Eagles,2004,16,260,16.2,1903,118.9,3212,200.8,5115,319.7,10
Jacksonville Jaguars,2004,16,280,17.5,1777,111.1,3357,209.8,5134,320.9,11
Arizona Cardinals,2004,16,322,20.1,2105,131.6,3036,189.8,5141,321.3,12
New York Giants,2004,16,347,21.7,2157,134.8,3030,189.4,5187,324.2,13
Atlanta Falcons,2004,16,337,21.1,1681,105.1,3526,220.4,5207,325.4,14
Cleveland Browns,2004,16,390,24.4,2314,144.6,2901,181.3,5215,325.9,15
Dallas Cowboys,2004,16,405,25.3,1764,110.2,3521,220.1,5285,330.3,16
St. Louis Rams,2004,16,392,24.5,2179,136.2,3174,198.4,5353,334.6,17
San Diego Chargers,2004,16,313,19.6,1307,81.7,4053,253.3,5360,335,18
Cincinnati Bengals,2004,16,372,23.2,2062,128.9,3303,206.4,5365,335.3,19
Carolina Panthers,2004,16,339,21.2,1904,119,3478,217.4,5382,336.4,20
Chicago Bears,2004,16,331,20.7,2050,128.1,3340,208.8,5390,336.9,21
Detroit Lions,2004,16,350,21.9,1887,117.9,3514,219.6,5401,337.6,22
Houston Texans,2004,16,339,21.2,1843,115.2,3615,225.9,5458,341.1,23
San Francisco 49ers,2004,16,452,28.2,1995,124.7,3486,217.9,5481,342.6,24
Green Bay Packers,2004,16,380,23.8,1878,117.4,3663,228.9,5541,346.3,25
Seattle Seahawks,2004,16,373,23.3,2031,126.9,3590,224.4,5621,351.3,26
Tennessee Titans,2004,16,439,27.4,1917,119.8,3807,237.9,5724,357.8,27
Minnesota Vikings,2004,16,395,24.7,2006,125.4,3896,243.5,5902,368.9,28
Indianapolis Colts,2004,16,351,21.9,2037,127.3,3892,243.2,5929,370.6,29
Oakland Raiders,2004,16,442,27.6,2012,125.8,3924,245.2,5936,371,30
Kansas City Chiefs,2004,16,435,27.2,1834,114.6,4203,262.7,6037,377.3,31
New Orleans Saints,2004,16,405,25.3,2253,140.8,3888,243,6141,383.8,32
Dallas Cowboys,2003,16,260,16.2,1425,89.1,2631,164.4,4056,253.5,1
Buffalo Bills,2003,16,279,17.4,1606,100.4,2707,169.2,4313,269.6,2
Baltimore Ravens,2003,16,281,17.6,1536,96,2805,175.3,4341,271.3,3
Denver Broncos,2003,16,301,18.8,1605,100.3,2828,176.8,4433,277.1,4
Tampa Bay Buccaneers,2003,16,264,16.5,1756,109.8,2710,169.4,4466,279.1,5
Jacksonville Jaguars,2003,16,331,20.7,1406,87.9,3251,203.2,4657,291.1,6
New England Patriots,2003,16,238,14.9,1434,89.6,3232,202,4666,291.6,7
Carolina Panthers,2003,16,304,19,1722,107.6,3003,187.7,4725,295.3,8
Pittsburgh Steelers,2003,16,327,20.4,1741,108.8,3042,190.1,4783,298.9,9
Miami Dolphins,2003,16,261,16.3,1452,90.8,3335,208.4,4787,299.2,10
Indianapolis Colts,2003,16,336,21,1980,123.8,2809,175.6,4789,299.3,11
Tennessee Titans,2003,16,324,20.2,1295,80.9,3606,225.4,4901,306.3,12
San Francisco 49ers,2003,16,337,21.1,1690,105.6,3238,202.4,4928,308,13
Chicago Bears,2003,16,346,21.6,1865,116.6,3082,192.6,4947,309.2,14
Cleveland Browns,2003,16,322,20.1,2113,132.1,2846,177.9,4959,309.9,15
St. Louis Rams,2003,16,328,20.5,1980,123.8,3072,192,5052,315.8,16
Green Bay Packers,2003,16,307,19.2,1701,106.3,3400,212.5,5101,318.8,17
New Orleans Saints,2003,16,326,20.4,2241,140.1,2993,187.1,5234,327.1,18
Seattle Seahawks,2003,16,327,20.4,1759,109.9,3480,217.5,5239,327.4,19
Philadelphia Eagles,2003,16,287,17.9,2071,129.4,3236,202.2,5307,331.7,20
New York Jets,2003,16,299,18.7,2294,143.4,3025,189.1,5319,332.4,21
New York Giants,2003,16,387,24.2,1908,119.2,3412,213.2,5320,332.5,22
Minnesota Vikings,2003,16,353,22.1,1879,117.4,3477,217.3,5356,334.8,23
Detroit Lions,2003,16,379,23.7,1782,111.4,3578,223.6,5360,335,24
Washington Redskins,2003,16,372,23.2,2217,138.6,3195,199.7,5412,338.2,25
Arizona Cardinals,2003,16,452,28.2,1915,119.7,3589,224.3,5504,344,26
San Diego Chargers,2003,16,441,27.6,2218,138.6,3375,210.9,5593,349.6,27
Cincinnati Bengals,2003,16,384,24,2218,138.6,3402,212.6,5620,351.2,28
Kansas City Chiefs,2003,16,332,20.8,2344,146.5,3363,210.2,5707,356.7,29
Oakland Raiders,2003,16,379,23.7,2510,156.9,3394,212.1,5904,369,30
Houston Texans,2003,16,380,23.8,2370,148.1,3712,232,6082,380.1,31
Atlanta Falcons,2003,16,422,26.4,2308,144.2,3800,237.5,6108,381.8,32
Tampa Bay Buccaneers,2002,16,196,12.2,1554,97.1,2490,155.6,4044,252.8,1
Carolina Panthers,2002,16,302,18.9,1653,103.3,2993,187.1,4646,290.4,2
Miami Dolphins,2002,16,301,18.8,1554,97.1,3102,193.9,4656,291,3
Philadelphia Eagles,2002,16,241,15.1,1660,103.8,3094,193.4,4754,297.1,4
Washington Redskins,2002,16,365,22.8,1754,109.6,3033,189.6,4787,299.2,5
Denver Broncos,2002,16,344,21.5,1489,93.1,3337,208.6,4826,301.6,6
Pittsburgh Steelers,2002,16,345,21.6,1375,85.9,3460,216.2,4835,302.2,7
Indianapolis Colts,2002,16,313,19.6,1992,124.5,2917,182.3,4909,306.8,8
New York Giants,2002,16,279,17.4,1830,114.4,3119,194.9,4949,309.3,9
Tennessee Titans,2002,16,324,20.2,1424,89,3540,221.2,4964,310.2,10
Oakland Raiders,2002,16,304,19,1453,90.8,3526,220.4,4979,311.2,11
Green Bay Packers,2002,16,328,20.5,1998,124.9,2987,186.7,4985,311.6,12
St. Louis Rams,2002,16,369,23.1,1816,113.5,3209,200.6,5025,314.1,13
San Francisco 49ers,2002,16,351,21.9,1652,103.2,3506,219.1,5158,322.4,14
Buffalo Bills,2002,16,397,24.8,2122,132.6,3067,191.7,5189,324.3,15
Houston Texans,2002,16,356,22.2,2089,130.6,3141,196.3,5230,326.9,16
Cincinnati Bengals,2002,16,456,28.5,2003,125.2,3262,203.9,5265,329.1,17
Dallas Cowboys,2002,16,329,20.6,1818,113.6,3449,215.6,5267,329.2,18
Atlanta Falcons,2002,16,314,19.6,2047,127.9,3287,205.4,5334,333.4,19
Jacksonville Jaguars,2002,16,315,19.7,2071,129.4,3264,204,5335,333.4,20
Cleveland Browns,2002,16,320,20,2079,129.9,3269,204.3,5348,334.2,21
Baltimore Ravens,2002,16,354,22.1,1762,110.1,3591,224.4,5353,334.6,22
New England Patriots,2002,16,346,21.6,2198,137.4,3179,198.7,5377,336.1,23
New York Jets,2002,16,336,21,1973,123.3,3490,218.1,5463,341.4,24
Chicago Bears,2002,16,379,23.7,2076,129.8,3530,220.6,5606,350.4,25
Minnesota Vikings,2002,16,442,27.6,1666,104.1,4103,256.4,5769,360.6,26
New Orleans Saints,2002,16,388,24.2,1991,124.4,3805,237.8,5796,362.2,27
Seattle Seahawks,2002,16,369,23.1,2441,152.6,3411,213.2,5852,365.8,28
Arizona Cardinals,2002,16,417,26.1,2146,134.1,3874,242.1,6020,376.2,29
San Diego Chargers,2002,16,367,22.9,1739,108.7,4295,268.4,6034,377.1,30
Detroit Lions,2002,16,451,28.2,1967,122.9,4150,259.4,6117,382.3,31
Kansas City Chiefs,2002,16,399,24.9,2067,129.2,4181,261.3,6248,390.5,32
Pittsburgh Steelers,2001,16,212,13.2,1195,74.7,2942,183.9,4137,258.6,1
Baltimore Ravens,2001,16,265,16.6,1411,88.2,3035,189.7,4446,277.9,2
St. Louis Rams,2001,16,273,17.1,1374,85.9,3097,193.6,4471,279.4,3
Dallas Cowboys,2001,16,338,21.1,1710,106.9,2889,180.6,4599,287.4,4
Miami Dolphins,2001,16,290,18.1,1779,111.2,2829,176.8,4608,288,5
Tampa Bay Buccaneers,2001,16,280,17.5,1702,106.4,2951,184.4,4653,290.8,6
Philadelphia Eagles,2001,16,208,13,1837,114.8,2864,179,4701,293.8,7
Denver Broncos,2001,16,339,21.2,1492,93.2,3282,205.1,4774,298.4,8
Cincinnati Bengals,2001,16,309,19.3,1675,104.7,3157,197.3,4832,302,9
Washington Redskins,2001,16,303,18.9,1869,116.8,2977,186.1,4846,302.9,10
San Diego Chargers,2001,16,321,20.1,1504,94,3400,212.5,4904,306.5,11
Green Bay Packers,2001,16,266,16.6,1769,110.6,3168,198,4937,308.6,12
San Francisco 49ers,2001,16,282,17.6,1571,98.2,3383,211.4,4954,309.6,13
New York Giants,2001,16,321,20.1,1545,96.6,3430,214.4,4975,310.9,14
Chicago Bears,2001,16,203,12.7,1313,82.1,3665,229.1,4978,311.1,15
Jacksonville Jaguars,2001,16,286,17.9,1611,100.7,3459,216.2,5070,316.9,16
New Orleans Saints,2001,16,409,25.6,1715,107.2,3355,209.7,5070,316.9,17
Oakland Raiders,2001,16,327,20.4,1988,124.2,3083,192.7,5071,316.9,18
New York Jets,2001,16,295,18.4,2154,134.6,2999,187.4,5153,322.1,19
Seattle Seahawks,2001,16,324,20.2,1721,107.6,3485,217.8,5206,325.4,20
Buffalo Bills,2001,16,420,26.2,2133,133.3,3159,197.4,5292,330.8,21
Cleveland Browns,2001,16,319,19.9,2208,138,3089,193.1,5297,331.1,22
Kansas City Chiefs,2001,16,344,21.5,2140,133.8,3164,197.8,5304,331.5,23
New England Patriots,2001,16,272,17,1855,115.9,3497,218.6,5352,334.5,24
Tennessee Titans,2001,16,388,24.2,1431,89.4,4084,255.2,5515,344.7,25
Detroit Lions,2001,16,424,26.5,1993,124.6,3528,220.5,5521,345.1,26
Minnesota Vikings,2001,16,390,24.4,2299,143.7,3367,210.4,5666,354.1,27
Arizona Cardinals,2001,16,343,21.4,2087,130.4,3598,224.9,5685,355.3,28
Indianapolis Colts,2001,16,486,30.4,2115,132.2,3600,225,5715,357.2,29
Atlanta Falcons,2001,16,377,23.6,1943,121.4,3902,243.9,5845,365.3,30
Carolina Panthers,2001,16,410,25.6,2301,143.8,3642,227.6,5943,371.4,31
Tennessee Titans,2000,16,191,11.9,1390,86.9,2423,151.4,3813,238.3,1
Baltimore Ravens,2000,16,165,10.3,970,60.6,2997,187.3,3967,247.9,2
Buffalo Bills,2000,16,350,21.9,1559,97.4,2867,179.2,4426,276.6,3
Washington Redskins,2000,16,269,16.8,1853,115.8,2621,163.8,4474,279.6,4
New York Giants,2000,16,246,15.4,1156,72.2,3390,211.9,4546,284.1,5
Miami Dolphins,2000,16,226,14.1,1736,108.5,2900,181.2,4636,289.8,6
Pittsburgh Steelers,2000,16,255,15.9,1693,105.8,3020,188.8,4713,294.6,7
New Orleans Saints,2000,16,305,19.1,1672,104.5,3071,191.9,4743,296.4,8
Tampa Bay Buccaneers,2000,16,269,16.8,1648,103,3152,197,4800,300,9
New York Jets,2000,16,321,20.1,1888,118,2932,183.2,4820,301.2,10
Philadelphia Eagles,2000,16,245,15.3,1830,114.4,2990,186.9,4820,301.2,11
Jacksonville Jaguars,2000,16,327,20.4,1685,105.3,3160,197.5,4845,302.8,12
San Diego Chargers,2000,16,440,27.5,1422,88.9,3537,221.1,4959,309.9,13
Detroit Lions,2000,16,307,19.2,1823,113.9,3210,200.6,5033,314.6,14
Green Bay Packers,2000,16,323,20.2,1618,101.1,3451,215.7,5069,316.8,15
Chicago Bears,2000,16,355,22.2,1827,114.2,3407,212.9,5234,327.1,16
Oakland Raiders,2000,16,299,18.7,1551,96.9,3698,231.1,5249,328.1,17
Kansas City Chiefs,2000,16,354,22.1,1809,113.1,3471,216.9,5280,330,18
Dallas Cowboys,2000,16,361,22.6,2636,164.8,2693,168.3,5329,333.1,19
New England Patriots,2000,16,338,21.1,1831,114.4,3522,220.1,5353,334.6,20
Indianapolis Colts,2000,16,326,20.4,1935,120.9,3422,213.9,5357,334.8,21
Cincinnati Bengals,2000,16,359,22.4,1925,120.3,3562,222.6,5487,342.9,22
St. Louis Rams,2000,16,471,29.4,1697,106.1,3797,237.3,5494,343.4,23
Denver Broncos,2000,16,369,23.1,1598,99.9,3946,246.6,5544,346.5,24
Atlanta Falcons,2000,16,413,25.8,1983,123.9,3624,226.5,5607,350.4,25
Cleveland Browns,2000,16,419,26.2,2505,156.6,3138,196.1,5643,352.7,26
Carolina Panthers,2000,16,310,19.4,1944,121.5,3712,232,5656,353.5,27
Minnesota Vikings,2000,16,371,23.2,1788,111.8,3913,244.6,5701,356.3,28
San Francisco 49ers,2000,16,422,26.4,1794,112.1,3915,244.7,5709,356.8,29
Arizona Cardinals,2000,16,443,27.7,2609,163.1,3128,195.5,5737,358.6,30
Seattle Seahawks,2000,16,405,25.3,2454,153.4,3937,246.1,6391,399.4,31
Buffalo Bills,1999,16,229,14.3,1370,85.6,2675,167.2,4045,252.8,1
Baltimore Ravens,1999,16,277,17.3,1231,76.9,2991,186.9,4222,263.9,2
Tampa Bay Buccaneers,1999,16,235,14.7,1407,87.9,2873,179.6,4280,267.5,3
Jacksonville Jaguars,1999,16,217,13.6,1444,90.2,2890,180.6,4334,270.9,4
Miami Dolphins,1999,16,336,21,1476,92.2,2928,183,4404,275.2,5
St. Louis Rams,1999,16,242,15.1,1189,74.3,3509,219.3,4698,293.6,6
Denver Broncos,1999,16,318,19.9,1737,108.6,3016,188.5,4753,297.1,7
New England Patriots,1999,16,284,17.8,1795,112.2,3013,188.3,4808,300.5,8
Dallas Cowboys,1999,16,276,17.2,1442,90.1,3398,212.4,4840,302.5,9
Oakland Raiders,1999,16,329,20.6,1559,97.4,3321,207.6,4880,305,10
Pittsburgh Steelers,1999,16,320,20,1958,122.4,2926,182.9,4884,305.2,11
San Diego Chargers,1999,16,316,19.8,1321,82.6,3584,224,4905,306.6,12
New York Giants,1999,16,358,22.4,1560,97.5,3421,213.8,4981,311.3,13
Kansas City Chiefs,1999,16,322,20.1,1557,97.3,3482,217.6,5039,314.9,14
Indianapolis Colts,1999,16,333,20.8,1715,107.2,3506,219.1,5221,326.3,15
Atlanta Falcons,1999,16,380,23.8,2072,129.5,3151,196.9,5223,326.4,16
Tennessee Titans,1999,16,324,20.2,1550,96.9,3695,230.9,5245,327.8,17
Detroit Lions,1999,16,323,20.2,1531,95.7,3760,235,5291,330.7,18
Green Bay Packers,1999,16,341,21.3,1804,112.8,3505,219.1,5309,331.8,19
New Orleans Saints,1999,16,434,27.1,1774,110.9,3544,221.5,5318,332.4,20
New York Jets,1999,16,309,19.3,1703,106.4,3676,229.8,5379,336.2,21
Arizona Cardinals,1999,16,382,23.9,2265,141.6,3157,197.3,5422,338.9,22
Seattle Seahawks,1999,16,298,18.6,1934,120.9,3492,218.2,5426,339.1,23
Philadelphia Eagles,1999,16,357,22.3,2001,125.1,3461,216.3,5462,341.4,24
Cincinnati Bengals,1999,16,460,28.8,1699,106.2,3798,237.4,5497,343.6,25
Carolina Panthers,1999,16,381,23.8,1898,118.6,3605,225.3,5503,343.9,26
Minnesota Vikings,1999,16,335,20.9,1617,101.1,3980,248.8,5597,349.8,27
San Francisco 49ers,1999,16,453,28.3,1619,101.2,4068,254.2,5687,355.4,28
Chicago Bears,1999,16,341,21.3,1882,117.6,3822,238.9,5704,356.5,29
Washington Redskins,1999,16,377,23.6,1973,123.3,3732,233.2,5705,356.6,30
Cleveland Browns,1999,16,437,27.3,2736,171,3310,206.9,6046,377.9,31
San Diego Chargers,1998,16,342,21.4,1140,71.2,3068,191.8,4208,263,1
Tampa Bay Buccaneers,1998,16,295,18.4,1583,98.9,2762,172.6,4345,271.6,2
Miami Dolphins,1998,16,265,16.6,1511,94.4,2924,182.8,4435,277.2,3
Green Bay Packers,1998,16,319,19.9,1442,90.1,3065,191.6,4507,281.7,4
Oakland Raiders,1998,16,356,22.2,1674,104.6,2876,179.8,4550,284.4,5
Buffalo Bills,1998,16,333,20.8,1493,93.3,3198,199.9,4691,293.2,6
New York Jets,1998,16,266,16.6,1659,103.7,3040,190,4699,293.7,7
Atlanta Falcons,1998,16,289,18.1,1203,75.2,3531,220.7,4734,295.9,8
Kansas City Chiefs,1998,16,363,22.7,1869,116.8,2985,186.6,4854,303.4,9
St. Louis Rams,1998,16,378,23.6,2049,128.1,2831,176.9,4880,305,10
Denver Broncos,1998,16,309,19.3,1287,80.4,3648,228,4935,308.4,11
Pittsburgh Steelers,1998,16,303,18.9,1642,102.6,3321,207.6,4963,310.2,12
Minnesota Vikings,1998,16,296,18.5,1614,100.9,3452,215.8,5066,316.6,13
Chicago Bears,1998,16,368,23,1875,117.2,3228,201.8,5103,318.9,14
Detroit Lions,1998,16,378,23.6,2102,131.4,3015,188.4,5117,319.8,15
Tennessee Oilers,1998,16,320,20,1610,100.6,3511,219.4,5121,320.1,16
Philadelphia Eagles,1998,16,344,21.5,2416,151,2720,170,5136,321,17
Dallas Cowboys,1998,16,275,17.2,1619,101.2,3545,221.6,5164,322.8,18
New York Giants,1998,16,309,19.3,2004,125.2,3167,197.9,5171,323.2,19
New England Patriots,1998,16,329,20.6,1547,96.7,3635,227.2,5182,323.9,20
Arizona Cardinals,1998,16,378,23.6,1989,124.3,3276,204.8,5265,329.1,21
Baltimore Ravens,1998,16,335,20.9,1705,106.6,3592,224.5,5297,331.1,22
San Francisco 49ers,1998,16,328,20.5,1610,100.6,3733,233.3,5343,333.9,23
Washington Redskins,1998,16,421,26.3,2436,152.2,2918,182.4,5354,334.6,24
Jacksonville Jaguars,1998,16,338,21.1,2000,125,3559,222.4,5559,347.4,25
New Orleans Saints,1998,16,359,22.4,1700,106.2,3968,248,5668,354.2,26
Seattle Seahawks,1998,16,310,19.4,1999,124.9,3690,230.6,5689,355.6,27
Cincinnati Bengals,1998,16,452,28.2,2612,163.2,3151,196.9,5763,360.2,28
Indianapolis Colts,1998,16,444,27.8,2570,160.6,3266,204.1,5836,364.8,29
Carolina Panthers,1998,16,413,25.8,2133,133.3,3709,231.8,5842,365.1,30
San Francisco 49ers,1997,16,265,16.6,1366,85.4,2647,165.4,4013,250.8,1
Dallas Cowboys,1997,16,314,19.6,1994,124.6,2522,157.6,4516,282.2,2
Tampa Bay Buccaneers,1997,16,263,16.4,1617,101.1,3011,188.2,4628,289.2,3
New Orleans Saints,1997,16,327,20.4,1764,110.2,2881,180.1,4645,290.3,4
Denver Broncos,1997,16,287,17.9,1803,112.7,2868,179.2,4671,291.9,5
Pittsburgh Steelers,1997,16,307,19.2,1318,82.4,3387,211.7,4705,294.1,6
Green Bay Packers,1997,16,282,17.6,1876,117.2,2951,184.4,4827,301.7,7
Seattle Seahawks,1997,16,362,22.6,1731,108.2,3118,194.9,4849,303.1,8
Buffalo Bills,1997,16,367,22.9,1792,112,3061,191.3,4853,303.3,9
Indianapolis Colts,1997,16,401,25.1,2034,127.1,2820,176.2,4854,303.4,10
Kansas City Chiefs,1997,16,232,14.5,1621,101.3,3259,203.7,4880,305,11
Chicago Bears,1997,16,421,26.3,1858,116.1,3030,189.4,4888,305.5,12
Philadelphia Eagles,1997,16,372,23.2,2009,125.6,2923,182.7,4932,308.2,13
Detroit Lions,1997,16,306,19.1,1833,114.6,3114,194.6,4947,309.2,14
Carolina Panthers,1997,16,314,19.6,1973,123.3,3007,187.9,4980,311.2,15
Washington Redskins,1997,16,289,18.1,2212,138.2,2818,176.1,5030,314.4,16
St. Louis Rams,1997,16,359,22.4,1687,105.4,3379,211.2,5066,316.6,17
New York Giants,1997,16,265,16.6,1451,90.7,3616,226,5067,316.7,18
New England Patriots,1997,16,289,18.1,1616,101,3469,216.8,5085,317.8,19
Atlanta Falcons,1997,16,361,22.6,1666,104.1,3440,215,5106,319.1,20
San Diego Chargers,1997,16,425,26.6,1698,106.1,3468,216.8,5166,322.9,21
Tennessee Oilers,1997,16,310,19.4,1573,98.3,3658,228.6,5231,326.9,22
Jacksonville Jaguars,1997,16,318,19.9,1734,108.4,3504,219,5238,327.4,23
New York Jets,1997,16,287,17.9,1899,118.7,3421,213.8,5320,332.5,24
Baltimore Ravens,1997,16,345,21.6,1690,105.6,3673,229.6,5363,335.2,25
Miami Dolphins,1997,16,327,20.4,1813,113.3,3551,221.9,5364,335.2,26
Arizona Cardinals,1997,16,379,23.7,2180,136.2,3246,202.9,5426,339.1,27
Cincinnati Bengals,1997,16,405,25.3,2223,138.9,3459,216.2,5682,355.1,28
Minnesota Vikings,1997,16,359,22.4,1983,123.9,3704,231.5,5687,355.4,29
Oakland Raiders,1997,16,419,26.2,2246,140.4,3870,241.9,6116,382.2,30
Green Bay Packers,1996,16,210,13.1,1416,88.5,2740,171.2,4156,259.8,1
Pittsburgh Steelers,1996,16,257,16.1,1415,88.4,2947,184.2,4362,272.6,2
Dallas Cowboys,1996,16,250,15.6,1576,98.5,2806,175.4,4382,273.9,3
Denver Broncos,1996,16,275,17.2,1331,83.2,3139,196.2,4470,279.4,4
Philadelphia Eagles,1996,16,341,21.3,1583,98.9,2979,186.2,4562,285.1,5
Houston Oilers,1996,16,319,19.9,1385,86.6,3225,201.6,4610,288.1,6
San Francisco 49ers,1996,16,257,16.1,1497,93.6,3164,197.8,4661,291.3,7
Oakland Raiders,1996,16,293,18.3,1676,104.8,3021,188.8,4697,293.6,8
Buffalo Bills,1996,16,266,16.6,1669,104.3,3068,191.8,4737,296.1,9
Carolina Panthers,1996,16,218,13.6,1562,97.6,3214,200.9,4776,298.5,10
Tampa Bay Buccaneers,1996,16,293,18.3,1889,118.1,2925,182.8,4814,300.9,11
Chicago Bears,1996,16,305,19.1,1617,101.1,3267,204.2,4884,305.2,12
New Orleans Saints,1996,16,339,21.2,2076,129.8,2834,177.1,4910,306.9,13
New York Giants,1996,16,297,18.6,1748,109.2,3299,206.2,5047,315.4,14
Jacksonville Jaguars,1996,16,335,20.9,1781,111.3,3304,206.5,5085,317.8,15
Minnesota Vikings,1996,16,315,19.7,1966,122.9,3121,195.1,5087,317.9,16
Miami Dolphins,1996,16,325,20.3,1536,96,3655,228.4,5191,324.4,17
Kansas City Chiefs,1996,16,300,18.8,1666,104.1,3538,221.1,5204,325.2,18
New England Patriots,1996,16,313,19.6,1502,93.9,3803,237.7,5305,331.6,19
Detroit Lions,1996,16,368,23,2007,125.4,3344,209,5351,334.4,20
Arizona Cardinals,1996,16,397,24.8,1862,116.4,3499,218.7,5361,335.1,21
Indianapolis Colts,1996,16,334,20.9,1760,110,3643,227.7,5403,337.7,22
San Diego Chargers,1996,16,376,23.5,1755,109.7,3666,229.1,5421,338.8,23
Seattle Seahawks,1996,16,376,23.5,2098,131.1,3339,208.7,5437,339.8,24
Cincinnati Bengals,1996,16,369,23.1,1643,102.7,3826,239.1,5469,341.8,25
St. Louis Rams,1996,16,409,25.6,1854,115.9,3675,229.7,5529,345.6,26
New York Jets,1996,16,454,28.4,2200,137.5,3364,210.2,5564,347.8,27
Washington Redskins,1996,16,312,19.5,2275,142.2,3448,215.5,5723,357.7,28
Atlanta Falcons,1996,16,461,28.8,2041,127.6,3745,234.1,5786,361.6,29
Baltimore Ravens,1996,16,441,27.6,1920,120,3969,248.1,5889,368.1,30
San Francisco 49ers,1995,16,258,16.1,1061,66.3,3337,208.6,4398,274.9,1
Kansas City Chiefs,1995,16,241,15.1,1327,82.9,3222,201.4,4549,284.3,2
Pittsburgh Steelers,1995,16,327,20.4,1321,82.6,3240,202.5,4561,285.1,3
Philadelphia Eagles,1995,16,338,21.1,1822,113.9,2816,176,4638,289.9,4
Houston Oilers,1995,16,324,20.2,1526,95.4,3125,195.3,4651,290.7,5
New York Jets,1995,16,384,24,2016,126,2740,171.2,4756,297.2,6
Carolina Panthers,1995,16,325,20.3,1576,98.5,3451,215.7,5027,314.2,7
Indianapolis Colts,1995,16,316,19.8,1457,91.1,3570,223.1,5027,314.2,8
Dallas Cowboys,1995,16,291,18.2,1772,110.8,3272,204.5,5044,315.2,9
San Diego Chargers,1995,16,323,20.2,1691,105.7,3383,211.4,5074,317.1,10
Oakland Raiders,1995,16,332,20.8,1794,112.1,3310,206.9,5104,319,11
St. Louis Rams,1995,16,418,26.1,1677,104.8,3441,215.1,5118,319.9,12
Buffalo Bills,1995,16,335,20.9,1626,101.6,3502,218.9,5128,320.5,13
Green Bay Packers,1995,16,314,19.6,1515,94.7,3640,227.5,5155,322.2,14
Denver Broncos,1995,16,345,21.6,1895,118.4,3298,206.1,5193,324.6,15
Miami Dolphins,1995,16,332,20.8,1675,104.7,3569,223.1,5244,327.8,16
New York Giants,1995,16,340,21.2,2109,131.8,3184,199,5293,330.8,17
Washington Redskins,1995,16,359,22.4,2132,133.2,3268,204.2,5400,337.5,18
Chicago Bears,1995,16,360,22.5,1441,90.1,4001,250.1,5442,340.1,19
Minnesota Vikings,1995,16,385,24.1,1329,83.1,4122,257.6,5451,340.7,20
Jacksonville Jaguars,1995,16,404,25.2,2003,125.2,3512,219.5,5515,344.7,21
New Orleans Saints,1995,16,348,21.8,1838,114.9,3723,232.7,5561,347.6,22
Detroit Lions,1995,16,336,21,1795,112.2,3804,237.8,5599,349.9,23
Cleveland Browns,1995,16,356,22.2,1826,114.1,3822,238.9,5648,353,24
Seattle Seahawks,1995,16,366,22.9,2130,133.1,3539,221.2,5669,354.3,25
Arizona Cardinals,1995,16,422,26.4,2249,140.6,3455,215.9,5704,356.5,26
Tampa Bay Buccaneers,1995,16,335,20.9,1754,109.6,3958,247.4,5712,357,27
New England Patriots,1995,16,377,23.6,1878,117.4,3886,242.9,5764,360.2,28
Atlanta Falcons,1995,16,349,21.8,1547,96.7,4541,283.8,6088,380.5,29
Cincinnati Bengals,1995,16,374,23.4,2104,131.5,4245,265.3,6349,396.8,30
Dallas Cowboys,1994,16,248,15.5,1561,97.6,2752,172,4313,269.6,1
Pittsburgh Steelers,1994,16,234,14.6,1452,90.8,2874,179.6,4326,270.4,2
Arizona Cardinals,1994,16,267,16.7,1370,85.6,3038,189.9,4408,275.5,3
Philadelphia Eagles,1994,16,308,19.2,1616,101,3094,193.4,4710,294.4,4
Minnesota Vikings,1994,16,314,19.6,1090,68.1,3652,228.2,4742,296.4,5
Green Bay Packers,1994,16,287,17.9,1363,85.2,3401,212.6,4764,297.8,6
Cleveland Browns,1994,16,204,12.8,1669,104.3,3157,197.3,4826,301.6,7
San Francisco 49ers,1994,16,296,18.5,1338,83.6,3501,218.8,4839,302.4,8
Houston Oilers,1994,16,352,22,2120,132.5,2795,174.7,4915,307.2,9
Los Angeles Raiders,1994,16,327,20.4,1543,96.4,3400,212.5,4943,308.9,10
New York Giants,1994,16,305,19.1,1728,108,3222,201.4,4950,309.4,11
Kansas City Chiefs,1994,16,298,18.6,1734,108.4,3266,204.1,5000,312.5,12
Chicago Bears,1994,16,307,19.2,1922,120.1,3087,192.9,5009,313.1,13
San Diego Chargers,1994,16,306,19.1,1404,87.8,3658,228.6,5062,316.4,14
Cincinnati Bengals,1994,16,406,25.4,1906,119.1,3248,203,5154,322.1,15
Los Angeles Rams,1994,16,365,22.8,1781,111.3,3389,211.8,5170,323.1,16
Buffalo Bills,1994,16,356,22.2,1515,94.7,3660,228.8,5175,323.4,17
New England Patriots,1994,16,312,19.5,1760,110,3447,215.4,5207,325.4,18
Miami Dolphins,1994,16,327,20.4,1430,89.4,3794,237.1,5224,326.5,19
Indianapolis Colts,1994,16,320,20,1646,102.9,3679,229.9,5325,332.8,20
Tampa Bay Buccaneers,1994,16,351,21.9,1964,122.8,3372,210.8,5336,333.5,21
New York Jets,1994,16,320,20,1809,113.1,3529,220.6,5338,333.6,22
Seattle Seahawks,1994,16,323,20.2,1952,122,3397,212.3,5349,334.3,23
Detroit Lions,1994,16,342,21.4,1859,116.2,3546,221.6,5405,337.8,24
New Orleans Saints,1994,16,407,25.4,1758,109.9,3811,238.2,5569,348.1,25
Washington Redskins,1994,16,412,25.8,1975,123.4,3634,227.1,5609,350.6,26
Atlanta Falcons,1994,16,385,24.1,1693,105.8,4136,258.5,5829,364.3,27
Denver Broncos,1994,16,396,24.8,1752,109.5,4155,259.7,5907,369.2,28
Minnesota Vikings,1993,16,290,18.1,1536,96,2870,179.4,4406,275.4,1
Green Bay Packers,1993,16,282,17.6,1582,98.9,2900,181.2,4482,280.1,2
Pittsburgh Steelers,1993,16,281,17.6,1368,85.5,3163,197.7,4531,283.2,3
Chicago Bears,1993,16,230,14.4,1835,114.7,2818,176.1,4653,290.8,4
New York Giants,1993,16,205,12.8,1547,96.7,3116,194.8,4663,291.4,5
Detroit Lions,1993,16,292,18.2,1649,103.1,3020,188.8,4669,291.8,6
New Orleans Saints,1993,16,343,21.4,2090,130.6,2606,162.9,4696,293.5,7
New York Jets,1993,16,247,15.4,1473,92.1,3239,202.4,4712,294.5,8
Los Angeles Raiders,1993,16,326,20.4,1865,116.6,2858,178.6,4723,295.2,9
Dallas Cowboys,1993,16,229,14.3,1651,103.2,3116,194.8,4767,297.9,10
Kansas City Chiefs,1993,16,291,18.2,1620,101.2,3151,196.9,4771,298.2,11
Cleveland Browns,1993,16,307,19.2,1654,103.4,3124,195.2,4778,298.6,12
New England Patriots,1993,16,286,17.9,1951,121.9,2845,177.8,4796,299.8,13
Houston Oilers,1993,16,238,14.9,1273,79.6,3601,225.1,4874,304.6,14
San Francisco 49ers,1993,16,295,18.4,1800,112.5,3197,199.8,4997,312.3,15
Cincinnati Bengals,1993,16,319,19.9,2220,138.8,2798,174.9,5018,313.6,16
Philadelphia Eagles,1993,16,315,19.7,2080,130,2939,183.7,5019,313.7,17
San Diego Chargers,1993,16,290,18.1,1314,82.1,3752,234.5,5066,316.6,18
Denver Broncos,1993,16,284,17.8,1418,88.6,3731,233.2,5149,321.8,19
Miami Dolphins,1993,16,351,21.9,1665,104.1,3485,217.8,5150,321.9,20
Phoenix Cardinals,1993,16,269,16.8,1861,116.3,3306,206.6,5167,322.9,21
Tampa Bay Buccaneers,1993,16,376,23.5,1994,124.6,3252,203.2,5246,327.9,22
Seattle Seahawks,1993,16,314,19.6,1660,103.8,3653,228.3,5313,332.1,23
Los Angeles Rams,1993,16,367,22.9,1851,115.7,3560,222.5,5411,338.2,24
Atlanta Falcons,1993,16,385,24.1,1784,111.5,3637,227.3,5421,338.8,25
Washington Redskins,1993,16,345,21.6,2112,132,3387,211.7,5499,343.7,26
Buffalo Bills,1993,16,242,15.1,1921,120.1,3633,227.1,5554,347.1,27
Indianapolis Colts,1993,16,378,23.6,2521,157.6,3117,194.8,5638,352.4,28
Dallas Cowboys,1992,16,243,15.2,1244,77.8,2687,167.9,3931,245.7,1
New Orleans Saints,1992,16,202,12.6,1605,100.3,2470,154.4,4075,254.7,2
Houston Oilers,1992,16,258,16.1,1634,102.1,2577,161.1,4211,263.2,3
San Diego Chargers,1992,16,241,15.1,1395,87.2,2832,177,4227,264.2,4
Kansas City Chiefs,1992,16,282,17.6,1787,111.7,2537,158.6,4324,270.2,5
Philadelphia Eagles,1992,16,245,15.3,1481,92.6,2930,183.1,4411,275.7,6
Washington Redskins,1992,16,255,15.9,1696,106,2742,171.4,4438,277.4,7
Minnesota Vikings,1992,16,249,15.6,1733,108.3,2782,173.9,4515,282.2,8
Los Angeles Raiders,1992,16,281,17.6,1683,105.2,2833,177.1,4516,282.2,9
Miami Dolphins,1992,16,281,17.6,1600,100,2983,186.4,4583,286.4,10
Seattle Seahawks,1992,16,312,19.5,1922,120.1,2661,166.3,4583,286.4,11
Buffalo Bills,1992,16,283,17.7,1395,87.2,3209,200.6,4604,287.8,12
Pittsburgh Steelers,1992,16,225,14.1,1841,115.1,2817,176.1,4658,291.1,13
Cleveland Browns,1992,16,275,17.2,1605,100.3,3152,197,4757,297.3,14
San Francisco 49ers,1992,16,236,14.8,1418,88.6,3369,210.6,4787,299.2,15
New York Jets,1992,16,315,19.7,1919,119.9,2961,185.1,4880,305,16
Chicago Bears,1992,16,361,22.6,1948,121.8,3004,187.8,4952,309.5,17
New York Giants,1992,16,367,22.9,2012,125.8,3031,189.4,5043,315.2,18
New England Patriots,1992,16,363,22.7,1951,121.9,3097,193.6,5048,315.5,19
Detroit Lions,1992,16,332,20.8,1841,115.1,3217,201.1,5058,316.1,20
Indianapolis Colts,1992,16,302,18.9,2174,135.9,2900,181.2,5074,317.1,21
Denver Broncos,1992,16,329,20.6,1963,122.7,3120,195,5083,317.7,22
Green Bay Packers,1992,16,296,18.5,1821,113.8,3277,204.8,5098,318.6,23
Phoenix Cardinals,1992,16,332,20.8,1635,102.2,3491,218.2,5126,320.4,24
Tampa Bay Buccaneers,1992,16,365,22.8,1675,104.7,3510,219.4,5185,324.1,25
Cincinnati Bengals,1992,16,364,22.8,2007,125.4,3326,207.9,5333,333.3,26
Los Angeles Rams,1992,16,383,23.9,2230,139.4,3293,205.8,5523,345.2,27
Atlanta Falcons,1992,16,414,25.9,2294,143.4,3255,203.4,5549,346.8,28
Philadelphia Eagles,1991,16,244,15.2,1136,71,2413,150.8,3549,221.8,1
New Orleans Saints,1991,16,211,13.2,1213,75.8,2720,170,3933,245.8,2
Washington Redskins,1991,16,224,14,1346,84.1,2947,184.2,4293,268.3,3
Chicago Bears,1991,16,269,16.8,1580,98.8,2927,182.9,4507,281.7,4
Denver Broncos,1991,16,235,14.7,1794,112.1,2755,172.2,4549,284.3,5
San Francisco 49ers,1991,16,239,14.9,1512,94.5,3042,190.1,4554,284.6,6
New York Giants,1991,16,297,18.6,1726,107.9,2874,179.6,4600,287.5,7
Seattle Seahawks,1991,16,261,16.3,1684,105.2,3019,188.7,4703,293.9,8
Houston Oilers,1991,16,251,15.7,1540,96.2,3217,201.1,4757,297.3,9
Green Bay Packers,1991,16,313,19.6,1546,96.6,3266,204.1,4812,300.8,10
Tampa Bay Buccaneers,1991,16,365,22.8,2107,131.7,2872,179.5,4979,311.2,11
New York Jets,1991,16,293,18.3,1442,90.1,3539,221.2,4981,311.3,12
Kansas City Chiefs,1991,16,252,15.8,1770,110.6,3228,201.8,4998,312.4,13
Minnesota Vikings,1991,16,306,19.1,1837,114.8,3179,198.7,5016,313.5,14
Detroit Lions,1991,16,295,18.4,1760,110,3286,205.4,5046,315.4,15
Phoenix Cardinals,1991,16,344,21.5,2136,133.5,2916,182.2,5052,315.8,16
Dallas Cowboys,1991,16,310,19.4,1571,98.2,3495,218.4,5066,316.6,17
Cleveland Browns,1991,16,298,18.6,1875,117.2,3209,200.6,5084,317.8,18
San Diego Chargers,1991,16,342,21.4,1666,104.1,3445,215.3,5111,319.4,19
Indianapolis Colts,1991,16,381,23.8,2327,145.4,2800,175,5127,320.4,20
Los Angeles Raiders,1991,16,297,18.6,1889,118.1,3276,204.8,5165,322.8,21
Pittsburgh Steelers,1991,16,344,21.5,1582,98.9,3586,224.1,5168,323,22
Los Angeles Rams,1991,16,390,24.4,1659,103.7,3545,221.6,5204,325.2,23
Atlanta Falcons,1991,16,338,21.1,1953,122.1,3295,205.9,5248,328,24
Miami Dolphins,1991,16,349,21.8,2301,143.8,3105,194.1,5406,337.9,25
New England Patriots,1991,16,305,19.1,1579,98.7,3852,240.8,5431,339.4,26
Buffalo Bills,1991,16,318,19.9,2044,127.8,3414,213.4,5458,341.1,27
Cincinnati Bengals,1991,16,435,27.2,1662,103.9,3990,249.4,5652,353.2,28
Pittsburgh Steelers,1990,16,240,15,1615,100.9,2500,156.2,4115,257.2,1
New York Giants,1990,16,211,13.2,1459,91.2,2747,171.7,4206,262.9,2
San Francisco 49ers,1990,16,239,14.9,1258,78.6,3015,188.4,4273,267.1,3
Los Angeles Raiders,1990,16,268,16.8,1716,107.2,2697,168.6,4413,275.8,4
San Diego Chargers,1990,16,281,17.6,1515,94.7,2910,181.9,4425,276.6,5
Chicago Bears,1990,16,280,17.5,1572,98.2,2920,182.5,4492,280.8,6
Miami Dolphins,1990,16,242,15.1,1831,114.4,2716,169.8,4547,284.2,7
Buffalo Bills,1990,16,263,16.4,1808,113,2799,174.9,4607,287.9,8
Seattle Seahawks,1990,16,286,17.9,1605,100.3,3004,187.8,4609,288.1,9
Dallas Cowboys,1990,16,308,19.2,1976,123.5,2639,164.9,4615,288.4,10
Houston Oilers,1990,16,307,19.2,1575,98.4,3060,191.2,4635,289.7,11
Philadelphia Eagles,1990,16,299,18.7,1169,73.1,3491,218.2,4660,291.2,12
Minnesota Vikings,1990,16,326,20.4,2074,129.6,2643,165.2,4717,294.8,13
Washington Redskins,1990,16,301,18.8,1587,99.2,3143,196.4,4730,295.6,14
New Orleans Saints,1990,16,275,17.2,1559,97.4,3319,207.4,4878,304.9,15
Kansas City Chiefs,1990,16,257,16.1,1640,102.5,3241,202.6,4881,305.1,16
Cleveland Browns,1990,16,462,28.9,2105,131.6,3085,192.8,5190,324.4,17
Phoenix Cardinals,1990,16,396,24.8,2318,144.9,2898,181.1,5216,326,18
Atlanta Falcons,1990,16,365,22.8,1357,84.8,3913,244.6,5270,329.4,19
Denver Broncos,1990,16,374,23.4,1963,122.7,3382,211.4,5345,334.1,20
Los Angeles Rams,1990,16,412,25.8,1649,103.1,3762,235.1,5411,338.2,21
Green Bay Packers,1990,16,347,21.7,2059,128.7,3383,211.4,5442,340.1,22
New York Jets,1990,16,345,21.6,2018,126.1,3437,214.8,5455,340.9,23
Tampa Bay Buccaneers,1990,16,367,22.9,2223,138.9,3256,203.5,5479,342.4,24
Cincinnati Bengals,1990,16,352,22,2085,130.3,3520,220,5605,350.3,25
Indianapolis Colts,1990,16,353,22.1,2212,138.2,3402,212.6,5614,350.9,26
New England Patriots,1990,16,446,27.9,2676,167.2,3021,188.8,5697,356.1,27
Detroit Lions,1990,16,413,25.8,2388,149.2,3346,209.1,5734,358.4,28
Minnesota Vikings,1989,16,275,17.2,1683,105.2,2501,156.3,4184,261.5,1
Kansas City Chiefs,1989,16,286,17.9,1766,110.4,2527,157.9,4293,268.3,2
Denver Broncos,1989,16,226,14.1,1580,98.8,2827,176.7,4407,275.4,3
San Francisco 49ers,1989,16,253,15.8,1383,86.4,3235,202.2,4618,288.6,4
New York Giants,1989,16,252,15.8,1539,96.2,3125,195.3,4664,291.5,5
San Diego Chargers,1989,16,290,18.1,1813,113.3,2951,184.4,4764,297.8,6
Cleveland Browns,1989,16,254,15.9,1670,104.4,3161,197.6,4831,301.9,7
Philadelphia Eagles,1989,16,274,17.1,1605,100.3,3289,205.6,4894,305.9,8
Washington Redskins,1989,16,308,19.2,1344,84,3571,223.2,4915,307.2,9
Los Angeles Raiders,1989,16,297,18.6,1940,121.2,3063,191.4,5003,312.7,10
Buffalo Bills,1989,16,317,19.8,1840,115,3206,200.4,5046,315.4,11
New Orleans Saints,1989,16,301,18.8,1326,82.9,3860,241.2,5186,324.1,12
Houston Oilers,1989,16,412,25.8,1669,104.3,3542,221.4,5211,325.7,13
Seattle Seahawks,1989,16,327,20.4,2118,132.4,3097,193.6,5215,325.9,14
Cincinnati Bengals,1989,16,285,17.8,2162,135.1,3135,195.9,5297,331.1,15
Green Bay Packers,1989,16,356,22.2,2008,125.5,3339,208.7,5347,334.2,16
Tampa Bay Buccaneers,1989,16,419,26.2,2023,126.4,3437,214.8,5460,341.2,17
Detroit Lions,1989,16,364,22.8,1621,101.3,3916,244.8,5537,346.1,18
Pittsburgh Steelers,1989,16,326,20.4,2008,125.5,3541,221.3,5549,346.8,19
Dallas Cowboys,1989,16,393,24.6,1991,124.4,3565,222.8,5556,347.2,20
Los Angeles Rams,1989,16,344,21.5,1543,96.4,4024,251.5,5567,347.9,21
Indianapolis Colts,1989,16,301,18.8,2077,129.8,3534,220.9,5611,350.7,22
New England Patriots,1989,16,391,24.4,1978,123.6,3666,229.1,5644,352.8,23
Miami Dolphins,1989,16,379,23.7,2153,134.6,3543,221.4,5696,356,24
Chicago Bears,1989,16,377,23.6,1897,118.6,3832,239.5,5729,358.1,25
Phoenix Cardinals,1989,16,377,23.6,2302,143.9,3575,223.4,5877,367.3,26
New York Jets,1989,16,411,25.7,2136,133.5,3858,241.1,5994,374.6,27
Atlanta Falcons,1989,16,437,27.3,2471,154.4,3554,222.1,6025,376.6,28
Minnesota Vikings,1988,16,233,14.6,1602,100.1,2489,155.6,4091,255.7,1
Chicago Bears,1988,16,215,13.4,1326,82.9,3034,189.6,4360,272.5,2
San Francisco 49ers,1988,16,294,18.4,1588,99.2,2987,186.7,4575,285.9,3
Buffalo Bills,1988,16,237,14.8,1854,115.9,2724,170.2,4578,286.1,4
New England Patriots,1988,16,284,17.8,2099,131.2,2582,161.4,4681,292.6,5
Cleveland Browns,1988,16,288,18,1920,120,2847,177.9,4767,297.9,6
Green Bay Packers,1988,16,315,19.7,2110,131.9,2733,170.8,4843,302.7,7
Houston Oilers,1988,16,365,22.8,1592,99.5,3266,204.1,4858,303.6,8
Los Angeles Rams,1988,16,293,18.3,1686,105.4,3300,206.2,4986,311.6,9
Kansas City Chiefs,1988,16,320,20,2592,162,2434,152.1,5026,314.1,10
New York Giants,1988,16,304,19,1759,109.9,3327,207.9,5086,317.9,11
New Orleans Saints,1988,16,283,17.7,1779,111.2,3327,207.9,5106,319.1,12
Tampa Bay Buccaneers,1988,16,350,21.9,1551,96.9,3604,225.2,5155,322.2,13
Phoenix Cardinals,1988,16,398,24.9,1925,120.3,3244,202.8,5169,323.1,14
Cincinnati Bengals,1988,16,329,20.6,2048,128,3134,195.9,5182,323.9,15
Washington Redskins,1988,16,387,24.2,1745,109.1,3439,214.9,5184,324,16
Indianapolis Colts,1988,16,315,19.7,1694,105.9,3602,225.1,5296,331,17
Detroit Lions,1988,16,313,19.6,2037,127.3,3279,204.9,5316,332.2,18
Los Angeles Raiders,1988,16,369,23.1,2208,138,3171,198.2,5379,336.2,19
Dallas Cowboys,1988,16,381,23.8,1858,116.1,3556,222.2,5414,338.4,20
San Diego Chargers,1988,16,332,20.8,2133,133.3,3285,205.3,5418,338.6,21
Denver Broncos,1988,16,352,22,2538,158.6,2933,183.3,5471,341.9,22
New York Jets,1988,16,354,22.1,2124,132.8,3509,219.3,5633,352.1,23
Seattle Seahawks,1988,16,329,20.6,2286,142.9,3353,209.6,5639,352.4,24
Atlanta Falcons,1988,16,315,19.7,2319,144.9,3373,210.8,5692,355.8,25
Miami Dolphins,1988,16,380,23.8,2506,156.6,3275,204.7,5781,361.3,26
Philadelphia Eagles,1988,16,319,19.9,1652,103.2,4147,259.2,5799,362.4,27
Pittsburgh Steelers,1988,16,421,26.3,1864,116.5,3941,246.3,5805,362.8,28
San Francisco 49ers,1987,15,253,16.9,1611,107.4,2484,165.6,4095,273,1
Chicago Bears,1987,15,282,18.8,1413,94.2,2802,186.8,4215,281,2
Cleveland Browns,1987,15,239,15.9,1433,95.5,2831,188.7,4264,284.3,3
New Orleans Saints,1987,15,283,18.9,1550,103.3,2800,186.7,4350,290,4
Los Angeles Raiders,1987,15,289,19.3,1637,109.1,2727,181.8,4364,290.9,5
Indianapolis Colts,1987,15,238,15.9,1790,119.3,2760,184,4550,303.3,6
New York Giants,1987,15,312,20.8,1768,117.9,2890,192.7,4658,310.5,7
Cincinnati Bengals,1987,15,370,24.7,1641,109.4,3056,203.7,4697,313.1,8
Denver Broncos,1987,15,288,19.2,2017,134.5,2796,186.4,4813,320.9,9
Minnesota Vikings,1987,15,335,22.3,1724,114.9,3100,206.7,4824,321.6,10
New England Patriots,1987,15,293,19.5,1778,118.5,3099,206.6,4877,325.1,11
Buffalo Bills,1987,15,305,20.3,2052,136.8,2854,190.3,4906,327.1,12
Pittsburgh Steelers,1987,15,299,19.9,1610,107.3,3310,220.7,4920,328,13
Green Bay Packers,1987,15,300,20,1920,128,3003,200.2,4923,328.2,14
San Diego Chargers,1987,15,317,21.1,2171,144.7,2782,185.5,4953,330.2,15
Tampa Bay Buccaneers,1987,15,360,24,2038,135.9,2949,196.6,4987,332.5,16
Houston Oilers,1987,15,349,23.3,1848,123.2,3145,209.7,4993,332.9,17
Washington Redskins,1987,15,285,19,1679,111.9,3343,222.9,5022,334.8,18
New York Jets,1987,15,360,24,1835,122.3,3206,213.7,5041,336.1,19
Dallas Cowboys,1987,15,348,23.2,1617,107.8,3444,229.6,5061,337.4,20
Los Angeles Rams,1987,15,361,24.1,1732,115.5,3389,225.9,5121,341.4,21
Seattle Seahawks,1987,15,314,20.9,2201,146.7,2958,197.2,5159,343.9,22
Philadelphia Eagles,1987,15,380,25.3,1643,109.5,3606,240.4,5249,349.9,23
Detroit Lions,1987,15,384,25.6,2070,138,3203,213.5,5273,351.5,24
St. Louis Cardinals,1987,15,368,24.5,2001,133.4,3383,225.5,5384,358.9,25
Miami Dolphins,1987,15,335,22.3,2198,146.5,3247,216.5,5445,363,26
Kansas City Chiefs,1987,15,388,25.9,2333,155.5,3306,220.4,5639,375.9,27
Atlanta Falcons,1987,15,436,29.1,2734,182.3,3173,211.5,5907,393.8,28
Chicago Bears,1986,16,187,11.7,1463,91.4,2667,166.7,4130,258.1,1
New York Giants,1986,16,236,14.8,1284,80.2,3473,217.1,4757,297.3,2
Los Angeles Raiders,1986,16,346,21.6,1728,108,3076,192.2,4804,300.2,3
St. Louis Cardinals,1986,16,351,21.9,2227,139.2,2637,164.8,4864,304,4
Los Angeles Rams,1986,16,267,16.7,1681,105.1,3190,199.4,4871,304.4,5
San Francisco 49ers,1986,16,247,15.4,1555,97.2,3325,207.8,4880,305,6
Atlanta Falcons,1986,16,280,17.5,1916,119.8,2992,187,4908,306.8,7
Kansas City Chiefs,1986,16,326,20.4,1739,108.7,3195,199.7,4934,308.4,8
Denver Broncos,1986,16,327,20.4,1651,103.2,3296,206,4947,309.2,9
Dallas Cowboys,1986,16,337,21.1,2200,137.5,2785,174.1,4985,311.6,10
Minnesota Vikings,1986,16,273,17.1,1796,112.2,3216,201,5012,313.2,11
Green Bay Packers,1986,16,418,26.1,2095,130.9,2920,182.5,5015,313.4,12
Houston Oilers,1986,16,329,20.6,2035,127.2,2999,187.4,5034,314.6,13
New Orleans Saints,1986,16,287,17.9,1559,97.4,3543,221.4,5102,318.9,14
Detroit Lions,1986,16,326,20.4,2349,146.8,2800,175,5149,321.8,15
New England Patriots,1986,16,307,19.2,2203,137.7,2978,186.1,5181,323.8,16
Philadelphia Eagles,1986,16,312,19.5,1989,124.3,3235,202.2,5224,326.5,17
Pittsburgh Steelers,1986,16,336,21,1872,117,3380,211.2,5252,328.2,18
Cleveland Browns,1986,16,310,19.4,1981,123.8,3288,205.5,5269,329.3,19
Cincinnati Bengals,1986,16,394,24.6,2122,132.6,3152,197,5274,329.6,20
Washington Redskins,1986,16,296,18.5,1805,112.8,3492,218.2,5297,331.1,21
Seattle Seahawks,1986,16,293,18.3,1759,109.9,3582,223.9,5341,333.8,22
San Diego Chargers,1986,16,396,24.8,1678,104.9,3688,230.5,5366,335.4,23
Buffalo Bills,1986,16,348,21.8,1721,107.6,3802,237.6,5523,345.2,24
Indianapolis Colts,1986,16,400,25,1962,122.6,3739,233.7,5701,356.3,25
Miami Dolphins,1986,16,405,25.3,2493,155.8,3557,222.3,6050,378.1,26
New York Jets,1986,16,386,24.1,1661,103.8,4389,274.3,6050,378.1,27
Tampa Bay Buccaneers,1986,16,473,29.6,2648,165.5,3685,230.3,6333,395.8,28
Chicago Bears,1985,16,198,12.4,1319,82.4,2816,176,4135,258.4,1
New York Giants,1985,16,283,17.7,1482,92.6,2838,177.4,4320,270,2
Washington Redskins,1985,16,312,19.5,1734,108.4,2746,171.6,4480,280,3
Los Angeles Raiders,1985,16,308,19.2,1605,100.3,2998,187.4,4603,287.7,4
Los Angeles Rams,1985,16,277,17.3,1586,99.1,3062,191.4,4648,290.5,5
Pittsburgh Steelers,1985,16,355,22.2,1876,117.2,2783,173.9,4659,291.2,6
New England Patriots,1985,16,290,18.1,1655,103.4,3059,191.2,4714,294.6,7
New York Jets,1985,16,264,16.5,1516,94.8,3256,203.5,4772,298.2,8
Cleveland Browns,1985,16,294,18.4,1851,115.7,3107,194.2,4958,309.9,9
Philadelphia Eagles,1985,16,310,19.4,2205,137.8,2930,183.1,5135,320.9,10
Seattle Seahawks,1985,16,303,18.9,1837,114.8,3323,207.7,5160,322.5,11
Green Bay Packers,1985,16,355,22.2,2047,127.9,3126,195.4,5173,323.3,12
Denver Broncos,1985,16,329,20.6,1973,123.3,3206,200.4,5179,323.7,13
San Francisco 49ers,1985,16,263,16.4,1683,105.2,3508,219.2,5191,324.4,14
St. Louis Cardinals,1985,16,414,25.9,2378,148.6,3003,187.7,5381,336.3,15
Minnesota Vikings,1985,16,359,22.4,2223,138.9,3241,202.6,5464,341.5,16
Buffalo Bills,1985,16,381,23.8,2462,153.9,3078,192.4,5540,346.2,17
Detroit Lions,1985,16,366,22.9,2685,167.8,2906,181.6,5591,349.4,18
Indianapolis Colts,1985,16,386,24.1,2145,134.1,3454,215.9,5599,349.9,19
Dallas Cowboys,1985,16,333,20.8,1853,115.8,3755,234.7,5608,350.5,20
Kansas City Chiefs,1985,16,360,22.5,2169,135.6,3489,218.1,5658,353.6,21
Cincinnati Bengals,1985,16,437,27.3,1999,124.9,3664,229,5663,353.9,22
Miami Dolphins,1985,16,320,20,2256,141,3511,219.4,5767,360.4,23
New Orleans Saints,1985,16,401,25.1,2162,135.1,3653,228.3,5815,363.4,24
Atlanta Falcons,1985,16,452,28.2,2052,128.2,3798,237.4,5850,365.6,25
Tampa Bay Buccaneers,1985,16,448,28,2430,151.9,3678,229.9,6108,381.8,26
Houston Oilers,1985,16,412,25.8,2814,175.9,3341,208.8,6155,384.7,27
San Diego Chargers,1985,16,435,27.2,1972,123.2,4293,268.3,6265,391.6,28
Chicago Bears,1984,16,248,15.5,1377,86.1,2486,155.4,3863,241.4,1
Cleveland Browns,1984,16,297,18.6,1945,121.6,2696,168.5,4641,290.1,2
Los Angeles Raiders,1984,16,278,17.4,1892,118.2,2752,172,4644,290.2,3
New Orleans Saints,1984,16,361,22.6,2461,153.8,2453,153.3,4914,307.1,4
Pittsburgh Steelers,1984,16,310,19.4,1617,101.1,3299,206.2,4916,307.2,5
Seattle Seahawks,1984,16,282,17.6,1789,111.8,3174,198.4,4963,310.2,6
Dallas Cowboys,1984,16,308,19.2,2226,139.1,2810,175.6,5036,314.8,7
St. Louis Cardinals,1984,16,345,21.6,1923,120.2,3171,198.2,5094,318.4,8
New England Patriots,1984,16,352,22,1886,117.9,3214,200.9,5100,318.8,9
San Francisco 49ers,1984,16,227,14.2,1795,112.2,3381,211.3,5176,323.5,10
New York Giants,1984,16,301,18.8,1818,113.6,3375,210.9,5193,324.6,11
Philadelphia Eagles,1984,16,320,20,2189,136.8,3050,190.6,5239,327.4,12
Cincinnati Bengals,1984,16,339,21.2,1868,116.8,3391,211.9,5259,328.7,13
Los Angeles Rams,1984,16,316,19.8,1600,100,3666,229.1,5266,329.1,14
Atlanta Falcons,1984,16,382,23.9,2153,134.6,3126,195.4,5279,329.9,15
Green Bay Packers,1984,16,309,19.3,2145,134.1,3146,196.6,5291,330.7,16
Detroit Lions,1984,16,408,25.5,1808,113,3511,219.4,5319,332.4,17
Washington Redskins,1984,16,310,19.4,1589,99.3,3772,235.8,5361,335.1,18
Miami Dolphins,1984,16,298,18.6,2155,134.7,3265,204.1,5420,338.8,19
Tampa Bay Buccaneers,1984,16,380,23.8,2233,139.6,3241,202.6,5474,342.1,20
New York Jets,1984,16,364,22.8,2064,129,3502,218.9,5566,347.9,21
Indianapolis Colts,1984,16,414,25.9,2007,125.4,3570,223.1,5577,348.6,22
Buffalo Bills,1984,16,454,28.4,2106,131.6,3476,217.2,5582,348.9,23
Kansas City Chiefs,1984,16,324,20.2,1980,123.8,3645,227.8,5625,351.6,24
Denver Broncos,1984,16,241,15.1,1664,104,4023,251.4,5687,355.4,25
San Diego Chargers,1984,16,413,25.8,1851,115.7,4085,255.3,5936,371,26
Houston Oilers,1984,16,437,27.3,2789,174.3,3179,198.7,5968,373,27
Minnesota Vikings,1984,16,484,30.2,2573,160.8,3779,236.2,6352,397,28
Cincinnati Bengals,1983,16,302,18.9,1499,93.7,2828,176.8,4327,270.4,1
New Orleans Saints,1983,16,337,21.1,2000,125,2691,168.2,4691,293.2,2
Pittsburgh Steelers,1983,16,303,18.9,1833,114.6,2899,181.2,4732,295.8,3
Los Angeles Raiders,1983,16,338,21.1,1586,99.1,3162,197.6,4748,296.8,4
New York Giants,1983,16,347,21.7,1733,108.3,3261,203.8,4994,312.1,5
St. Louis Cardinals,1983,16,428,26.8,1838,114.9,3167,197.9,5005,312.8,6
Miami Dolphins,1983,16,250,15.6,2037,127.3,3002,187.6,5039,314.9,7
Chicago Bears,1983,16,301,18.8,2000,125,3132,195.8,5132,320.8,8
Cleveland Browns,1983,16,342,21.4,2065,129.1,3077,192.3,5142,321.4,9
San Francisco 49ers,1983,16,293,18.3,1936,121,3253,203.3,5189,324.3,10
Detroit Lions,1983,16,286,17.9,2104,131.5,3112,194.5,5216,326,11
Washington Redskins,1983,16,332,20.8,1289,80.6,3975,248.4,5264,329,12
New York Jets,1983,16,331,20.7,2378,148.6,2923,182.7,5301,331.3,13
Kansas City Chiefs,1983,16,367,22.9,2275,142.2,3111,194.4,5386,336.6,14
Los Angeles Rams,1983,16,344,21.5,1781,111.3,3611,225.7,5392,337,15
Tampa Bay Buccaneers,1983,16,380,23.8,2082,130.1,3315,207.2,5397,337.3,16
Dallas Cowboys,1983,16,360,22.5,1499,93.7,3928,245.5,5427,339.2,17
Philadelphia Eagles,1983,16,322,20.1,2655,165.9,2792,174.5,5447,340.4,18
Minnesota Vikings,1983,16,348,21.8,2584,161.5,2903,181.4,5487,342.9,19
New England Patriots,1983,16,289,18.1,2281,142.6,3295,205.9,5576,348.5,20
Denver Broncos,1983,16,327,20.4,1938,121.1,3671,229.4,5609,350.6,21
Houston Oilers,1983,16,460,28.8,2787,174.2,2845,177.8,5632,352,22
Baltimore Colts,1983,16,354,22.1,2118,132.4,3522,220.1,5640,352.5,23
Buffalo Bills,1983,16,351,21.9,2503,156.4,3306,206.6,5809,363.1,24
Atlanta Falcons,1983,16,389,24.3,2309,144.3,3517,219.8,5826,364.1,25
San Diego Chargers,1983,16,462,28.9,2173,135.8,3782,236.4,5955,372.2,26
Seattle Seahawks,1983,16,397,24.8,2198,137.4,3831,239.4,6029,376.8,27
Green Bay Packers,1983,16,439,27.4,2641,165.1,3762,235.1,6403,400.2,28
Miami Dolphins,1982,9,131,14.6,1285,142.8,1027,114.1,2312,256.9,1
Buffalo Bills,1982,9,154,17.1,1034,114.9,1300,144.4,2334,259.3,2
Tampa Bay Buccaneers,1982,9,178,19.8,1058,117.6,1384,153.8,2442,271.3,3
Washington Redskins,1982,9,128,14.2,946,105.1,1614,179.3,2560,284.4,4
New Orleans Saints,1982,9,160,17.8,974,108.2,1633,181.4,2607,289.7,5
New York Jets,1982,9,166,18.4,983,109.2,1646,182.9,2629,292.1,6
New York Giants,1982,9,160,17.8,1118,124.2,1566,174,2684,298.2,7
Green Bay Packers,1982,9,169,18.8,932,103.6,1775,197.2,2707,300.8,8
Detroit Lions,1982,9,176,19.6,854,94.9,1868,207.6,2722,302.4,9
Kansas City Chiefs,1982,9,184,20.4,1065,118.3,1667,185.2,2732,303.6,10
Dallas Cowboys,1982,9,145,16.1,1011,112.3,1742,193.6,2753,305.9,11
Seattle Seahawks,1982,9,147,16.3,1461,162.3,1333,148.1,2794,310.4,12
New England Patriots,1982,9,157,17.4,1289,143.2,1519,168.8,2808,312,13
Atlanta Falcons,1982,9,199,22.1,1044,116,1804,200.4,2848,316.4,14
St. Louis Cardinals,1982,9,170,18.9,995,110.6,1853,205.9,2848,316.4,15
Chicago Bears,1982,9,174,19.3,902,100.2,1949,216.6,2851,316.8,16
Pittsburgh Steelers,1982,9,146,16.2,762,84.7,2112,234.7,2874,319.3,17
Cincinnati Bengals,1982,9,177,19.7,850,94.4,2043,227,2893,321.4,18
Minnesota Vikings,1982,9,198,22,1020,113.3,1875,208.3,2895,321.7,19
Philadelphia Eagles,1982,9,195,21.7,1031,114.6,1907,211.9,2938,326.4,20
San Francisco 49ers,1982,9,206,22.9,1199,133.2,1836,204,3035,337.2,21
Los Angeles Raiders,1982,9,200,22.2,778,86.4,2288,254.2,3066,340.7,22
Cleveland Browns,1982,9,182,20.2,1292,143.6,1822,202.4,3114,346,23
Denver Broncos,1982,9,226,25.1,935,103.9,2234,248.2,3169,352.1,24
San Diego Chargers,1982,9,221,24.6,961,106.8,2292,254.7,3253,361.4,25
Baltimore Colts,1982,9,236,26.2,1473,163.7,1823,202.6,3296,366.2,26
Los Angeles Rams,1982,9,250,27.8,1202,133.6,2131,236.8,3333,370.3,27
Houston Oilers,1982,9,245,27.2,1225,136.1,2213,245.9,3438,382,28
Philadelphia Eagles,1981,16,221,13.8,1751,109.4,2696,168.5,4447,277.9,1
San Francisco 49ers,1981,16,250,15.6,1918,119.9,2845,177.8,4763,297.7,2
New York Giants,1981,16,257,16.1,1891,118.2,2934,183.4,4825,301.6,3
Detroit Lions,1981,16,322,20.1,1623,101.4,3223,201.4,4846,302.9,4
New York Jets,1981,16,287,17.9,1867,116.7,3004,187.8,4871,304.4,5
Denver Broncos,1981,16,289,18.1,2005,125.3,2873,179.6,4878,304.9,6
Buffalo Bills,1981,16,276,17.2,2075,129.7,2870,179.4,4945,309.1,7
Los Angeles Rams,1981,16,351,21.9,2397,149.8,2727,170.4,5124,320.2,8
Green Bay Packers,1981,16,361,22.6,2098,131.1,3087,192.9,5185,324.1,9
Washington Redskins,1981,16,349,21.8,2161,135.1,3045,190.3,5206,325.4,10
New Orleans Saints,1981,16,378,23.6,1916,119.8,3337,208.6,5253,328.3,11
Cincinnati Bengals,1981,16,304,19,1881,117.6,3408,213,5289,330.6,12
Tampa Bay Buccaneers,1981,16,268,16.8,2172,135.8,3140,196.2,5312,332,13
Atlanta Falcons,1981,16,355,22.2,1666,104.1,3688,230.5,5354,334.6,14
Miami Dolphins,1981,16,275,17.2,2032,127,3331,208.2,5363,335.2,15
Cleveland Browns,1981,16,375,23.4,2078,129.9,3289,205.6,5367,335.4,16
Kansas City Chiefs,1981,16,290,18.1,1747,109.2,3626,226.6,5373,335.8,17
Minnesota Vikings,1981,16,369,23.1,2045,127.8,3328,208,5373,335.8,18
Chicago Bears,1981,16,324,20.2,2146,134.1,3248,203,5394,337.1,19
Dallas Cowboys,1981,16,277,17.3,2049,128.1,3370,210.6,5419,338.7,20
Oakland Raiders,1981,16,343,21.4,1832,114.5,3641,227.6,5473,342.1,21
Pittsburgh Steelers,1981,16,297,18.6,1869,116.8,3783,236.4,5652,353.2,22
St. Louis Cardinals,1981,16,408,25.5,2428,151.8,3295,205.9,5723,357.7,23
Houston Oilers,1981,16,355,22.2,2411,150.7,3315,207.2,5726,357.9,24
New England Patriots,1981,16,370,23.1,2950,184.4,2877,179.8,5827,364.2,25
Seattle Seahawks,1981,16,388,24.2,2806,175.4,3134,195.9,5940,371.2,26
San Diego Chargers,1981,16,390,24.4,1825,114.1,4311,269.4,6136,383.5,27
Baltimore Colts,1981,16,533,33.3,2665,166.6,4128,258,6793,424.6,28
Buffalo Bills,1980,16,260,16.2,1819,113.7,2282,142.6,4101,256.3,1
Philadelphia Eagles,1980,16,222,13.9,1618,101.1,2825,176.6,4443,277.7,2
Detroit Lions,1980,16,272,17,1599,99.9,2934,183.4,4533,283.3,3
Los Angeles Rams,1980,16,289,18.1,1945,121.6,2601,162.6,4546,284.1,4
Houston Oilers,1980,16,251,15.7,1811,113.2,2801,175.1,4612,288.2,5
San Diego Chargers,1980,16,327,20.4,1842,115.1,2849,178.1,4691,293.2,6
Washington Redskins,1980,16,293,18.3,2524,157.8,2171,135.7,4695,293.4,7
New England Patriots,1980,16,325,20.3,1876,117.2,2886,180.4,4762,297.6,8
Cincinnati Bengals,1980,16,312,19.5,1680,105,3124,195.2,4804,300.2,9
Chicago Bears,1980,16,264,16.5,2015,125.9,2892,180.8,4907,306.7,10
Oakland Raiders,1980,16,306,19.1,1726,107.9,3312,207,5038,314.9,11
Pittsburgh Steelers,1980,16,313,19.6,1762,110.1,3372,210.8,5134,320.9,12
Seattle Seahawks,1980,16,408,25.5,2067,129.2,3110,194.4,5177,323.6,13
Miami Dolphins,1980,16,305,19.1,2018,126.1,3206,200.4,5224,326.5,14
Denver Broncos,1980,16,323,20.2,2120,132.5,3125,195.3,5245,327.8,15
Atlanta Falcons,1980,16,272,17,1670,104.4,3594,224.6,5264,329,16
Dallas Cowboys,1980,16,311,19.4,2069,129.3,3210,200.6,5279,329.9,17
Kansas City Chiefs,1980,16,336,21,2206,137.9,3109,194.3,5315,332.2,18
St. Louis Cardinals,1980,16,350,21.9,2059,128.7,3325,207.8,5384,336.5,19
Tampa Bay Buccaneers,1980,16,341,21.3,2101,131.3,3304,206.5,5405,337.8,20
Baltimore Colts,1980,16,387,24.2,2210,138.1,3336,208.5,5546,346.6,21
New York Jets,1980,16,395,24.7,1951,121.9,3664,229,5615,350.9,22
Cleveland Browns,1980,16,310,19.4,1761,110.1,3865,241.6,5626,351.6,23
New York Giants,1980,16,425,26.6,2507,156.7,3245,202.8,5752,359.5,24
Green Bay Packers,1980,16,371,23.2,2399,149.9,3383,211.4,5782,361.4,25
Minnesota Vikings,1980,16,308,19.2,2456,153.5,3400,212.5,5856,366,26
San Francisco 49ers,1980,16,415,25.9,2218,138.6,3751,234.4,5969,373.1,27
New Orleans Saints,1980,16,487,30.4,3106,194.1,3112,194.5,6218,388.6,28
Tampa Bay Buccaneers,1979,16,237,14.8,1873,117.1,2076,129.8,3949,246.8,1
Pittsburgh Steelers,1979,16,262,16.4,1709,106.8,2561,160.1,4270,266.9,2
New England Patriots,1979,16,326,20.4,1770,110.6,2553,159.6,4323,270.2,3
Miami Dolphins,1979,16,257,16.1,1702,106.4,2737,171.1,4439,277.4,4
San Diego Chargers,1979,16,246,15.4,1907,119.2,2549,159.3,4456,278.5,5
Chicago Bears,1979,16,249,15.6,1978,123.6,2528,158,4506,281.6,6
Los Angeles Rams,1979,16,309,19.3,1997,124.8,2556,159.8,4553,284.6,7
Dallas Cowboys,1979,16,313,19.6,2115,132.2,2471,154.4,4586,286.6,8
Philadelphia Eagles,1979,16,282,17.6,2271,141.9,2474,154.6,4745,296.6,9
Denver Broncos,1979,16,262,16.4,1693,105.8,3159,197.4,4852,303.2,10
Detroit Lions,1979,16,365,22.8,2515,157.2,2442,152.6,4957,309.8,11
Kansas City Chiefs,1979,16,262,16.4,1847,115.4,3124,195.2,4971,310.7,12
Houston Oilers,1979,16,331,20.7,2225,139.1,2765,172.8,4990,311.9,13
Buffalo Bills,1979,16,279,17.4,2481,155.1,2530,158.1,5011,313.2,14
Baltimore Colts,1979,16,351,21.9,2306,144.1,2768,173,5074,317.1,15
St. Louis Cardinals,1979,16,358,22.4,2204,137.8,2873,179.6,5077,317.3,16
Washington Redskins,1979,16,295,18.4,2154,134.6,2992,187,5146,321.6,17
Minnesota Vikings,1979,16,337,21.1,2526,157.9,2697,168.6,5223,326.4,18
New York Giants,1979,16,323,20.2,2452,153.2,2926,182.9,5378,336.1,19
San Francisco 49ers,1979,16,416,26,2213,138.3,3180,198.8,5393,337.1,20
Oakland Raiders,1979,16,337,21.1,2374,148.4,3112,194.5,5486,342.9,21
New Orleans Saints,1979,16,360,22.5,2469,154.3,3066,191.6,5535,345.9,22
Green Bay Packers,1979,16,316,19.8,2885,180.3,2762,172.6,5647,352.9,23
Cleveland Browns,1979,16,352,22,2604,162.8,3046,190.4,5650,353.1,24
Atlanta Falcons,1979,16,388,24.2,2163,135.2,3596,224.8,5759,359.9,25
New York Jets,1979,16,383,23.9,1706,106.6,4115,257.2,5821,363.8,26
Seattle Seahawks,1979,16,372,23.2,2375,148.4,3459,216.2,5834,364.6,27
Cincinnati Bengals,1979,16,421,26.3,2219,138.7,3692,230.8,5911,369.4,28
Los Angeles Rams,1978,16,245,15.3,1845,115.3,2048,128,3893,243.3,1
Dallas Cowboys,1978,16,208,13,1721,107.6,2288,143,4009,250.6,2
Pittsburgh Steelers,1978,16,195,12.2,1774,110.9,2394,149.6,4168,260.5,3
Tampa Bay Buccaneers,1978,16,259,16.2,2049,128.1,2279,142.4,4328,270.5,4
Atlanta Falcons,1978,16,290,18.1,2067,129.2,2364,147.8,4431,276.9,5
Denver Broncos,1978,16,198,12.4,1979,123.7,2470,154.4,4449,278.1,6
Detroit Lions,1978,16,300,18.8,2184,136.5,2299,143.7,4483,280.2,7
San Diego Chargers,1978,16,309,19.3,2208,138,2351,146.9,4559,284.9,8
New England Patriots,1978,16,286,17.9,1852,115.8,2763,172.7,4615,288.4,9
Cincinnati Bengals,1978,16,284,17.8,2396,149.8,2236,139.8,4632,289.5,10
Philadelphia Eagles,1978,16,250,15.6,1862,116.4,2773,173.3,4635,289.7,11
Chicago Bears,1978,16,274,17.1,2174,135.9,2506,156.6,4680,292.5,12
St. Louis Cardinals,1978,16,296,18.5,2396,149.8,2351,146.9,4747,296.7,13
Minnesota Vikings,1978,16,306,19.1,2116,132.2,2690,168.1,4806,300.4,14
New Orleans Saints,1978,16,298,18.6,2420,151.2,2464,154,4884,305.2,15
Oakland Raiders,1978,16,283,17.7,2183,136.4,2711,169.4,4894,305.9,16
Houston Oilers,1978,16,298,18.6,2072,129.5,2842,177.6,4914,307.1,17
Washington Redskins,1978,16,283,17.7,2536,158.5,2378,148.6,4914,307.1,18
Green Bay Packers,1978,16,269,16.8,2439,152.4,2524,157.8,4963,310.2,19
Kansas City Chiefs,1978,16,327,20.4,2384,149,2582,161.4,4966,310.4,20
San Francisco 49ers,1978,16,350,21.9,2365,147.8,2659,166.2,5024,314,21
New York Giants,1978,16,298,18.6,2656,166,2386,149.1,5042,315.1,22
Miami Dolphins,1978,16,254,15.9,2261,141.3,2908,181.8,5169,323.1,23
Buffalo Bills,1978,16,354,22.1,3228,201.8,1960,122.5,5188,324.2,24
Cleveland Browns,1978,16,356,22.2,2149,134.3,3203,200.2,5352,334.5,25
Seattle Seahawks,1978,16,358,22.4,2513,157.1,3005,187.8,5518,344.9,26
New York Jets,1978,16,364,22.8,2701,168.8,2823,176.4,5524,345.2,27
Baltimore Colts,1978,16,421,26.3,3010,188.1,2901,181.3,5911,369.4,28
